Cumul,Today,DateTime,Date
109,109,2020-03-12 11:05:00,2020-03-12
550,441,2020-03-12 14:30:00,2020-03-12
935,385,2020-03-13 10:02:00,2020-03-13
1704,769,2020-03-13 14:15:00,2020-03-13
2990,1286,2020-03-13 18:21:00,2020-03-13
4288,1298,2020-03-13 18:25:00,2020-03-13
4930,642,2020-03-14 16:26:43,2020-03-14
4980,50,2020-03-15 09:05:50,2020-03-15
5050,70,2020-03-15 09:53:00,2020-03-15
5175,125,2020-03-15 11:25:00,2020-03-15
5443,268,2020-03-15 14:25:00,2020-03-15
5826,383,2020-03-15 15:37:00,2020-03-15
6392,566,2020-03-15 20:30:00,2020-03-15
6406,14,2020-03-16 06:57:00,2020-03-16
6480,74,2020-03-16 08:12:00,2020-03-16
6573,93,2020-03-16 08:24:00,2020-03-16
6838,265,2020-03-16 11:19:00,2020-03-16
7503,665,2020-03-16 17:42:00,2020-03-16
8208,705,2020-03-16 18:12:00,2020-03-16
8961,753,2020-03-16 18:53:00,2020-03-16
9836,875,2020-03-16 21:14:00,2020-03-16
10763,927,2020-03-16 22:15:00,2020-03-16
10803,40,2020-03-17 08:00:00,2020-03-17
10883,80,2020-03-17 08:39:00,2020-03-17
10983,100,2020-03-17 08:51:00,2020-03-17
11170,187,2020-03-17 10:50:00,2020-03-17
11370,200,2020-03-17 11:02:00,2020-03-17
11590,220,2020-03-17 11:18:00,2020-03-17
11847,257,2020-03-17 11:41:00,2020-03-17
12137,290,2020-03-17 12:10:00,2020-03-17
12509,372,2020-03-17 15:28:00,2020-03-17
13019,510,2020-03-17 19:22:00,2020-03-17
13045,26,2020-03-18 08:01:00,2020-03-18
13186,141,2020-03-18 12:12:00,2020-03-18
13650,464,2020-03-18 19:30:00,2020-03-18
14126,476,2020-03-18 19:52:00,2020-03-18
14616,490,2020-03-18 20:07:00,2020-03-18
15216,600,2020-03-18 22:00:00,2020-03-18
15228,12,2020-03-19 07:33:00,2020-03-19
15412,184,2020-03-19 13:32:00,2020-03-19
15808,396,2020-03-19 19:05:00,2020-03-19
16213,405,2020-03-19 19:16:00,2020-03-19
16629,416,2020-03-19 19:34:00,2020-03-19
16652,23,2020-03-20 08:03:00,2020-03-20
16837,185,2020-03-20 15:18:00,2020-03-20
17124,287,2020-03-20 18:41:00,2020-03-20
17424,300,2020-03-20 19:04:00,2020-03-20
17502,78,2020-03-21 12:00:00,2020-03-21
17732,230,2020-03-21 20:04:00,2020-03-21
17753,21,2020-03-22 10:18:00,2020-03-22
17837,84,2020-03-22 15:34:00,2020-03-22
17973,136,2020-03-22 18:46:00,2020-03-22
18018,45,2020-03-23 08:14:00,2020-03-23
18194,176,2020-03-23 14:55:00,2020-03-23
18386,192,2020-03-23 15:49:00,2020-03-23
18619,233,2020-03-23 17:36:00,2020-03-23
18925,306,2020-03-23 19:42:00,2020-03-23
18945,20,2020-03-24 07:47:00,2020-03-24
19003,58,2020-03-24 09:11:00,2020-03-24
19186,183,2020-03-24 17:07:00,2020-03-24
19398,212,2020-03-24 18:15:00,2020-03-24
19639,241,2020-03-24 19:05:00,2020-03-24
19677,38,2020-03-25 08:27:00,2020-03-25
19877,200,2020-03-25 16:41:00,2020-03-25
20123,246,2020-03-25 18:17:00,2020-03-25
20381,258,2020-03-25 18:34:00,2020-03-25
20645,264,2020-03-25 18:52:00,2020-03-25
20932,287,2020-03-25 19:33:00,2020-03-25
20948,16,2020-03-26 07:59:00,2020-03-26
21124,176,2020-03-26 16:39:00,2020-03-26
21395,271,2020-03-26 19:08:00,2020-03-26
21673,278,2020-03-26 19:22:00,2020-03-26
21970,297,2020-03-26 20:01:00,2020-03-26
22274,304,2020-03-26 20:12:00,2020-03-26
22318,44,2020-03-27 08:43:00,2020-03-27
22530,212,2020-03-27 16:46:00,2020-03-27
22756,226,2020-03-27 17:06:00,2020-03-27
22995,239,2020-03-27 17:31:00,2020-03-27
23236,241,2020-03-27 17:35:00,2020-03-27
23484,248,2020-03-27 17:41:00,2020-03-27
23741,257,2020-03-27 17:57:00,2020-03-27
24006,265,2020-03-27 18:12:00,2020-03-27
24330,324,2020-03-27 19:36:00,2020-03-27
24343,13,2020-03-28 08:42:00,2020-03-28
24452,109,2020-03-28 13:43:00,2020-03-28
24617,165,2020-03-28 16:52:00,2020-03-28
24833,216,2020-03-28 19:12:00,2020-03-28
25051,218,2020-03-28 19:16:00,2020-03-28
25282,231,2020-03-28 19:50:00,2020-03-28
25355,73,2020-03-29 15:41:00,2020-03-29
25502,147,2020-03-29 20:12:00,2020-03-29
25535,33,2020-03-30 08:25:00,2020-03-30
25666,131,2020-03-30 13:47:00,2020-03-30
25847,181,2020-03-30 15:47:00,2020-03-30
26110,263,2020-03-30 18:18:00,2020-03-30
26157,47,2020-03-31 08:41:00,2020-03-31
26236,79,2020-03-31 10:34:00,2020-03-31
26507,271,2020-03-31 19:07:00,2020-03-31
26789,282,2020-03-31 19:24:00,2020-03-31
27026,237,2020-04-01 18:10:00,2020-04-01
27295,269,2020-04-01 19:04:00,2020-04-01
27339,44,2020-04-02 08:40:00,2020-04-02
27459,120,2020-04-02 12:34:00,2020-04-02
27604,145,2020-04-02 13:58:00,2020-04-02
27767,163,2020-04-02 14:50:00,2020-04-02
27979,212,2020-04-02 16:00:00,2020-04-02
28279,300,2020-04-02 18:57:00,2020-04-02
28592,313,2020-04-02 19:14:00,2020-04-02
28672,80,2020-04-03 09:44:00,2020-04-03
28921,249,2020-04-03 17:27:00,2020-04-03
29284,363,2020-04-03 19:53:00,2020-04-03
29362,78,2020-04-04 11:55:00,2020-04-04
29488,126,2020-04-04 14:26:00,2020-04-04
29729,241,2020-04-04 18:51:00,2020-04-04
30002,273,2020-04-04 19:37:00,2020-04-04
30032,30,2020-04-05 10:53:00,2020-04-05
30097,65,2020-04-05 12:59:00,2020-04-05
30212,115,2020-04-05 17:29:00,2020-04-05
30415,203,2020-04-05 22:06:00,2020-04-05
30422,7,2020-04-06 06:28:00,2020-04-06
30450,28,2020-04-06 08:11:00,2020-04-06
30544,94,2020-04-06 11:27:00,2020-04-06
30817,273,2020-04-06 17:58:00,2020-04-06
31131,314,2020-04-06 19:10:00,2020-04-06
31161,30,2020-04-07 08:15:00,2020-04-07
31281,120,2020-04-07 11:57:00,2020-04-07
31423,142,2020-04-07 12:46:00,2020-04-07
31576,153,2020-04-07 13:23:00,2020-04-07
31871,295,2020-04-07 18:19:00,2020-04-07
31906,35,2020-04-08 08:18:00,2020-04-08
32040,134,2020-04-08 12:29:00,2020-04-08
32211,171,2020-04-08 13:54:00,2020-04-08
32460,249,2020-04-08 17:31:00,2020-04-08
32748,288,2020-04-08 18:26:00,2020-04-08
33129,381,2020-04-08 20:49:00,2020-04-08
33167,38,2020-04-09 08:23:00,2020-04-09
33265,98,2020-04-09 11:33:00,2020-04-09
33540,275,2020-04-09 17:55:00,2020-04-09
33867,327,2020-04-09 18:58:00,2020-04-09
34212,345,2020-04-09 19:20:00,2020-04-09
34520,308,2020-04-10 18:07:00,2020-04-10
34548,28,2020-04-11 09:50:00,2020-04-11
34608,60,2020-04-11 11:28:00,2020-04-11
34766,158,2020-04-11 16:30:00,2020-04-11
34987,221,2020-04-11 18:27:00,2020-04-11
35262,275,2020-04-11 20:28:00,2020-04-11
35295,33,2020-04-12 10:11:00,2020-04-12
35372,77,2020-04-12 12:28:00,2020-04-12
35453,81,2020-04-12 12:42:00,2020-04-12
35620,167,2020-04-12 18:10:00,2020-04-12
35687,67,2020-04-13 12:28:00,2020-04-13
35826,139,2020-04-13 18:16:00,2020-04-13
35837,11,2020-04-14 07:39:00,2020-04-14
35919,82,2020-04-14 10:27:00,2020-04-14
36017,98,2020-04-14 11:16:00,2020-04-14
36390,373,2020-04-14 19:53:00,2020-04-14
36766,376,2020-04-14 19:58:00,2020-04-14
36925,159,2020-04-15 13:24:00,2020-04-15
37238,313,2020-04-15 18:42:00,2020-04-15
37582,344,2020-04-15 19:25:00,2020-04-15
37957,375,2020-04-15 20:07:00,2020-04-15
38001,44,2020-04-16 08:26:00,2020-04-16
38133,132,2020-04-16 11:32:00,2020-04-16
38335,202,2020-04-16 14:21:00,2020-04-16
38751,416,2020-04-16 20:57:00,2020-04-16
38832,81,2020-04-17 09:35:00,2020-04-17
38915,83,2020-04-17 09:41:00,2020-04-17
39131,216,2020-04-17 14:49:00,2020-04-17
39488,357,2020-04-17 19:04:00,2020-04-17
39907,419,2020-04-17 20:36:00,2020-04-17
39930,23,2020-04-18 09:17:00,2020-04-18
39997,67,2020-04-18 11:22:00,2020-04-18
40108,111,2020-04-18 12:50:00,2020-04-18
40432,324,2020-04-18 20:52:00,2020-04-18
40764,332,2020-04-18 21:22:00,2020-04-18
40788,24,2020-04-19 10:45:00,2020-04-19
40815,27,2020-04-19 11:10:00,2020-04-19
40957,142,2020-04-19 20:13:00,2020-04-19
41030,73,2020-04-20 12:24:00,2020-04-20
41140,110,2020-04-20 14:41:00,2020-04-20
41267,127,2020-04-20 16:21:00,2020-04-20
41396,129,2020-04-20 16:41:00,2020-04-20
41560,164,2020-04-20 18:27:00,2020-04-20
41739,179,2020-04-20 19:28:00,2020-04-20
41745,6,2020-04-21 07:29:00,2020-04-21
41810,65,2020-04-21 12:43:00,2020-04-21
41936,126,2020-04-21 18:30:00,2020-04-21
42112,176,2020-04-21 20:30:00,2020-04-21
42210,98,2020-04-22 13:48:00,2020-04-22
42323,113,2020-04-22 14:20:00,2020-04-22
42462,139,2020-04-22 15:19:00,2020-04-22
42695,233,2020-04-22 18:29:00,2020-04-22
42984,289,2020-04-22 20:56:00,2020-04-22
43276,292,2020-04-22 21:24:00,2020-04-22
43312,36,2020-04-23 08:30:00,2020-04-23
43413,101,2020-04-23 11:41:00,2020-04-23
43515,102,2020-04-23 11:42:00,2020-04-23
43940,425,2020-04-23 19:47:00,2020-04-23
44111,171,2020-04-24 12:58:00,2020-04-24
44317,206,2020-04-24 14:04:00,2020-04-24
44770,453,2020-04-24 20:00:00,2020-04-24
45240,470,2020-04-24 20:33:00,2020-04-24
45277,37,2020-04-25 09:48:00,2020-04-25
45390,113,2020-04-25 12:46:00,2020-04-25
45511,121,2020-04-25 12:49:00,2020-04-25
45672,161,2020-04-25 14:30:00,2020-04-25
45998,326,2020-04-25 19:39:00,2020-04-25
46361,363,2020-04-25 20:32:00,2020-04-25
46729,368,2020-04-25 20:42:00,2020-04-25
47112,383,2020-04-25 21:23:00,2020-04-25
47162,50,2020-04-26 11:00:00,2020-04-26
47258,96,2020-04-26 13:07:00,2020-04-26
47379,121,2020-04-26 13:56:00,2020-04-26
47542,163,2020-04-26 15:43:00,2020-04-26
47870,328,2020-04-26 21:06:00,2020-04-26
47878,8,2020-04-27 06:31:00,2020-04-27
47989,111,2020-04-27 11:53:00,2020-04-27
48119,130,2020-04-27 12:54:00,2020-04-27
48455,336,2020-04-27 18:57:00,2020-04-27
48536,81,2020-04-28 10:48:00,2020-04-28
48880,344,2020-04-28 18:34:00,2020-04-28
49319,439,2020-04-28 21:28:00,2020-04-28
49441,122,2020-04-29 11:17:00,2020-04-29
49937,496,2020-04-29 20:09:00,2020-04-29
49993,56,2020-04-30 08:40:00,2020-04-30
50119,126,2020-04-30 11:29:00,2020-04-30
50304,185,2020-04-30 13:30:00,2020-04-30
50559,255,2020-04-30 15:45:00,2020-04-30
50830,271,2020-04-30 16:13:00,2020-04-30
51186,356,2020-04-30 18:17:00,2020-04-30
51582,396,2020-04-30 19:10:00,2020-04-30
52031,449,2020-04-30 20:19:00,2020-04-30
52032,1,2020-05-01 05:06:00,2020-05-01
52039,7,2020-05-01 06:42:00,2020-05-01
52052,13,2020-05-01 07:40:00,2020-05-01
52211,159,2020-05-01 14:30:00,2020-05-01
52250,39,2020-05-02 09:31:00,2020-05-02
52451,201,2020-05-02 13:54:00,2020-05-02
52961,510,2020-05-02 21:54:00,2020-05-02
53043,82,2020-05-03 11:19:00,2020-05-03
53261,218,2020-05-03 16:18:00,2020-05-03
53612,351,2020-05-03 19:32:00,2020-05-03
53739,127,2020-05-04 09:56:00,2020-05-04
53968,229,2020-05-04 13:33:00,2020-05-04
54453,485,2020-05-04 19:20:00,2020-05-04
54476,23,2020-05-05 07:27:00,2020-05-05
54609,133,2020-05-05 09:55:00,2020-05-05
54873,264,2020-05-05 13:48:00,2020-05-05
55149,276,2020-05-05 14:09:00,2020-05-05
55623,474,2020-05-05 17:59:00,2020-05-05
55681,58,2020-05-06 08:26:00,2020-05-06
55850,169,2020-05-06 11:28:00,2020-05-06
56456,606,2020-05-06 19:52:00,2020-05-06
56922,466,2020-05-07 18:16:00,2020-05-07
56963,41,2020-05-08 09:24:00,2020-05-08
57014,51,2020-05-08 09:44:00,2020-05-08
57132,118,2020-05-08 12:32:00,2020-05-08
57546,414,2020-05-08 19:48:00,2020-05-08
58034,488,2020-05-08 22:25:00,2020-05-08
58200,166,2020-05-09 11:59:00,2020-05-09
58586,386,2020-05-09 18:44:00,2020-05-09
58616,30,2020-05-10 08:14:00,2020-05-10
58663,47,2020-05-10 10:12:00,2020-05-10
58743,80,2020-05-10 15:20:00,2020-05-10
58842,99,2020-05-10 18:58:00,2020-05-10
58955,113,2020-05-10 20:03:00,2020-05-10
58964,9,2020-05-11 06:36:00,2020-05-11
59073,109,2020-05-11 10:28:00,2020-05-11
59191,118,2020-05-11 10:55:00,2020-05-11
59354,163,2020-05-11 13:22:00,2020-05-11
59523,169,2020-05-11 13:51:00,2020-05-11
59910,387,2020-05-11 19:25:00,2020-05-11
60330,420,2020-05-11 20:04:00,2020-05-11
60781,451,2020-05-11 20:57:00,2020-05-11
61234,453,2020-05-11 21:08:00,2020-05-11
61330,96,2020-05-12 08:37:00,2020-05-12
61543,213,2020-05-12 11:07:00,2020-05-12
62431,888,2020-05-12 19:09:00,2020-05-12
63407,976,2020-05-12 20:00:00,2020-05-12
64407,1000,2020-05-12 20:32:00,2020-05-12
65426,1019,2020-05-12 21:09:00,2020-05-12
66470,1044,2020-05-12 21:56:00,2020-05-12
66479,9,2020-05-13 05:04:00,2020-05-13
66499,20,2020-05-13 05:25:00,2020-05-13
66701,202,2020-05-13 11:02:00,2020-05-13
66960,259,2020-05-13 12:08:00,2020-05-13
67476,516,2020-05-13 16:49:00,2020-05-13
68076,600,2020-05-13 18:02:00,2020-05-13
68698,622,2020-05-13 18:18:00,2020-05-13
69360,662,2020-05-13 18:46:00,2020-05-13
70068,708,2020-05-13 19:20:00,2020-05-13
70814,746,2020-05-13 20:02:00,2020-05-13
70953,139,2020-05-14 09:14:00,2020-05-14
71388,435,2020-05-14 14:29:00,2020-05-14
72144,756,2020-05-14 18:36:00,2020-05-14
72920,776,2020-05-14 19:07:00,2020-05-14
73712,792,2020-05-14 19:20:00,2020-05-14
74057,345,2020-05-15 13:05:00,2020-05-15
74653,596,2020-05-15 16:51:00,2020-05-15
75567,914,2020-05-15 19:29:00,2020-05-15
76631,1064,2020-05-15 21:58:00,2020-05-15
76753,122,2020-05-16 10:30:00,2020-05-16
77061,308,2020-05-16 13:11:00,2020-05-16
77563,502,2020-05-16 16:20:00,2020-05-16
78411,848,2020-05-16 23:46:00,2020-05-16
78435,24,2020-05-17 06:31:00,2020-05-17
78747,312,2020-05-17 13:30:00,2020-05-17
79372,625,2020-05-17 17:35:00,2020-05-17
80280,908,2020-05-17 21:18:00,2020-05-17
81211,931,2020-05-17 22:01:00,2020-05-17
81219,8,2020-05-18 06:31:00,2020-05-18
81540,321,2020-05-18 11:54:00,2020-05-18
81904,364,2020-05-18 12:44:00,2020-05-18
82671,767,2020-05-18 17:58:00,2020-05-18
83475,804,2020-05-18 18:17:00,2020-05-18
84450,975,2020-05-18 19:48:00,2020-05-18
85451,1001,2020-05-18 20:13:00,2020-05-18
86541,1090,2020-05-18 22:29:00,2020-05-18
86548,7,2020-05-19 04:54:00,2020-05-19
86556,8,2020-05-19 04:58:00,2020-05-19
86794,238,2020-05-19 09:25:00,2020-05-19
87256,462,2020-05-19 12:50:00,2020-05-19
88277,1021,2020-05-19 18:31:00,2020-05-19
89442,1165,2020-05-19 19:46:00,2020-05-19
90745,1303,2020-05-19 22:08:00,2020-05-19
90756,11,2020-05-20 06:25:00,2020-05-20
91935,1179,2020-05-20 21:40:00,2020-05-20
93169,1234,2020-05-20 23:25:00,2020-05-20
93191,22,2020-05-21 06:36:00,2020-05-21
93394,203,2020-05-21 11:13:00,2020-05-21
94182,788,2020-05-21 19:55:00,2020-05-21
94990,808,2020-05-21 20:11:00,2020-05-21
95032,42,2020-05-22 07:40:00,2020-05-22
95939,907,2020-05-22 20:02:00,2020-05-22
95965,26,2020-05-23 06:54:00,2020-05-23
96261,296,2020-05-23 12:34:00,2020-05-23
96879,618,2020-05-23 18:01:00,2020-05-23
97582,703,2020-05-23 19:10:00,2020-05-23
98337,755,2020-05-23 19:56:00,2020-05-23
98360,23,2020-05-24 06:40:00,2020-05-24
98396,36,2020-05-24 08:24:00,2020-05-24
98612,216,2020-05-24 12:04:00,2020-05-24
99296,684,2020-05-24 21:47:00,2020-05-24
99313,17,2020-05-25 06:28:00,2020-05-25
99717,404,2020-05-25 12:56:00,2020-05-25
100170,453,2020-05-25 13:30:00,2020-05-25
101116,946,2020-05-25 18:56:00,2020-05-25
102223,1107,2020-05-25 21:09:00,2020-05-25
102237,14,2020-05-26 05:55:00,2020-05-26
103142,905,2020-05-26 17:53:00,2020-05-26
104430,1288,2020-05-26 21:57:00,2020-05-26
104808,378,2020-05-27 12:10:00,2020-05-27
105389,581,2020-05-27 12:30:00,2020-05-27
106608,1219,2020-05-27 21:04:00,2020-05-27
106648,40,2020-05-28 07:22:00,2020-05-28
106793,145,2020-05-28 08:32:00,2020-05-28
107035,242,2020-05-28 09:16:00,2020-05-28
107646,611,2020-05-28 14:39:00,2020-05-28
108414,768,2020-05-28 16:35:00,2020-05-28
109733,1319,2020-05-28 20:32:00,2020-05-28
111087,1354,2020-05-28 20:54:00,2020-05-28
112575,1488,2020-05-28 23:56:00,2020-05-28
113470,895,2020-05-29 17:01:00,2020-05-29
114653,1183,2020-05-29 19:33:00,2020-05-29
114881,228,2020-05-30 10:57:00,2020-05-30
115162,281,2020-05-30 11:42:00,2020-05-30
115722,560,2020-05-30 15:45:00,2020-05-30
116376,654,2020-05-30 16:47:00,2020-05-30
117096,720,2020-05-30 17:35:00,2020-05-30
117818,722,2020-05-30 17:39:00,2020-05-30
118631,813,2020-05-30 18:41:00,2020-05-30
118919,288,2020-05-31 12:18:00,2020-05-31
119474,555,2020-05-31 17:43:00,2020-05-31
120248,774,2020-05-31 21:09:00,2020-05-31
120292,44,2020-06-01 07:05:00,2020-06-01
120352,60,2020-06-01 08:16:00,2020-06-01
120586,234,2020-06-01 12:35:00,2020-06-01
120853,267,2020-06-01 13:34:00,2020-06-01
121386,533,2020-06-02 12:55:00,2020-06-02
121925,539,2020-06-02 13:01:00,2020-06-02
123062,1137,2020-06-02 18:26:00,2020-06-02
124327,1265,2020-06-02 19:13:00,2020-06-02
125666,1339,2020-06-02 19:44:00,2020-06-02
127223,1557,2020-06-02 22:45:00,2020-06-02
127317,94,2020-06-03 06:56:00,2020-06-03
127681,364,2020-06-03 10:02:00,2020-06-03
129081,1400,2020-06-03 20:24:00,2020-06-03
130529,1448,2020-06-03 21:23:00,2020-06-03
130819,290,2020-06-04 12:02:00,2020-06-04
131309,490,2020-06-04 15:09:00,2020-06-04
132153,844,2020-06-04 18:37:00,2020-06-04
133026,873,2020-06-04 18:57:00,2020-06-04
133826,800,2020-06-05 16:35:00,2020-06-05
135026,1200,2020-06-05 19:37:00,2020-06-05
135148,122,2020-06-06 07:16:00,2020-06-06
135594,446,2020-06-06 13:14:00,2020-06-06
136206,612,2020-06-06 15:43:00,2020-06-06
136922,716,2020-06-06 16:49:00,2020-06-06
136964,42,2020-06-07 07:33:00,2020-06-07
137286,322,2020-06-07 16:08:00,2020-06-07
137740,454,2020-06-07 18:23:00,2020-06-07
138602,862,2020-06-08 16:20:00,2020-06-08
139617,1015,2020-06-08 17:37:00,2020-06-08
140841,1224,2020-06-08 19:03:00,2020-06-08
142120,1279,2020-06-08 19:24:00,2020-06-08
143420,1300,2020-06-08 19:38:00,2020-06-08
144754,1334,2020-06-08 19:57:00,2020-06-08
144805,51,2020-06-09 05:25:00,2020-06-09
144866,61,2020-06-09 06:40:00,2020-06-09
145281,415,2020-06-09 10:47:00,2020-06-09
146049,768,2020-06-09 15:43:00,2020-06-09
146970,921,2020-06-09 17:10:00,2020-06-09
147928,958,2020-06-09 17:26:00,2020-06-09
148928,1000,2020-06-09 17:36:00,2020-06-09
148972,44,2020-06-10 06:49:00,2020-06-10
149092,120,2020-06-10 08:05:00,2020-06-10
149509,417,2020-06-10 11:22:00,2020-06-10
150897,1388,2020-06-10 20:26:00,2020-06-10
152338,1441,2020-06-10 21:02:00,2020-06-10
153835,1497,2020-06-10 22:12:00,2020-06-10
155404,1569,2020-06-10 23:53:00,2020-06-10
155513,109,2020-06-11 07:45:00,2020-06-11
156648,1135,2020-06-11 18:20:00,2020-06-11
157952,1304,2020-06-11 19:40:00,2020-06-11
158224,272,2020-06-12 13:29:00,2020-06-12
158505,281,2020-06-12 13:45:00,2020-06-12
158901,396,2020-06-12 16:11:00,2020-06-12
159396,495,2020-06-12 17:48:00,2020-06-12
159559,163,2020-06-13 10:32:00,2020-06-13
159766,207,2020-06-13 11:30:00,2020-06-13
160422,656,2020-06-13 18:40:00,2020-06-13
161090,668,2020-06-13 18:48:00,2020-06-13
161201,111,2020-06-14 06:08:00,2020-06-14
161366,165,2020-06-14 09:15:00,2020-06-14
161717,351,2020-06-14 12:08:00,2020-06-14
162193,476,2020-06-14 14:16:00,2020-06-14
162671,478,2020-06-14 14:17:00,2020-06-14
162715,44,2020-06-15 06:51:00,2020-06-15
164111,1396,2020-06-15 20:35:00,2020-06-15
165555,1444,2020-06-15 21:08:00,2020-06-15
167058,1503,2020-06-15 21:41:00,2020-06-15
168593,1535,2020-06-15 22:20:00,2020-06-15
170225,1632,2020-06-15 23:59:00,2020-06-15
170225,0,2020-06-16 00:01:00,2020-06-16
170667,442,2020-06-16 10:11:00,2020-06-16
171704,1037,2020-06-16 15:39:00,2020-06-16
173065,1361,2020-06-16 18:09:00,2020-06-16
174564,1499,2020-06-16 19:00:00,2020-06-16
176128,1564,2020-06-16 19:25:00,2020-06-16
177728,1600,2020-06-16 19:36:00,2020-06-16
179528,1800,2020-06-16 21:53:00,2020-06-16
181358,1830,2020-06-16 22:29:00,2020-06-16
183227,1869,2020-06-16 23:24:00,2020-06-16
185125,1898,2020-06-16 23:59:00,2020-06-16
185297,172,2020-06-17 08:07:00,2020-06-17
185740,443,2020-06-17 10:19:00,2020-06-17
186378,638,2020-06-17 12:32:00,2020-06-17
187415,1037,2020-06-17 16:55:00,2020-06-17
188691,1276,2020-06-17 18:24:00,2020-06-17
190051,1360,2020-06-17 18:45:00,2020-06-17
191473,1422,2020-06-17 19:04:00,2020-06-17
192995,1522,2020-06-17 19:50:00,2020-06-17
194683,1688,2020-06-17 22:11:00,2020-06-17
194749,66,2020-06-18 06:24:00,2020-06-18
194843,94,2020-06-18 07:05:00,2020-06-18
195363,520,2020-06-18 11:13:00,2020-06-18
196249,886,2020-06-18 15:26:00,2020-06-18
197515,1266,2020-06-18 18:22:00,2020-06-18
198925,1410,2020-06-18 19:20:00,2020-06-18
200477,1552,2020-06-18 20:26:00,2020-06-18
202062,1585,2020-06-18 20:41:00,2020-06-18
202677,615,2020-06-19 13:01:00,2020-06-19
203622,945,2020-06-19 16:33:00,2020-06-19
204780,1158,2020-06-19 18:19:00,2020-06-19
205965,1185,2020-06-19 18:33:00,2020-06-19
207183,1218,2020-06-19 18:45:00,2020-06-19
207411,228,2020-06-20 10:37:00,2020-06-20
207650,239,2020-06-20 10:50:00,2020-06-20
208481,831,2020-06-20 19:45:00,2020-06-20
208603,122,2020-06-21 08:20:00,2020-06-21
209017,414,2020-06-21 14:55:00,2020-06-21
209489,472,2020-06-21 16:17:00,2020-06-21
210304,815,2020-06-21 22:29:00,2020-06-21
210410,106,2020-06-22 07:34:00,2020-06-22
210868,458,2020-06-22 10:30:00,2020-06-22
211432,564,2020-06-22 12:00:00,2020-06-22
212039,607,2020-06-22 12:30:00,2020-06-22
213216,1177,2020-06-22 18:22:00,2020-06-22
214517,1301,2020-06-22 19:06:00,2020-06-22
216023,1506,2020-06-22 21:02:00,2020-06-22
216061,38,2020-06-23 04:58:00,2020-06-23
216269,208,2020-06-23 08:23:00,2020-06-23
217617,1348,2020-06-23 18:44:00,2020-06-23
217659,42,2020-06-24 02:54:00,2020-06-24
217965,306,2020-06-24 09:00:00,2020-06-24
218430,465,2020-06-24 10:46:00,2020-06-24
219758,1328,2020-06-24 19:27:00,2020-06-24
221236,1478,2020-06-24 21:02:00,2020-06-24
222762,1526,2020-06-24 21:41:00,2020-06-24
224320,1558,2020-06-24 22:09:00,2020-06-24
225178,858,2020-06-25 15:02:00,2020-06-25
226740,1562,2020-06-25 20:06:00,2020-06-25
228353,1613,2020-06-25 20:40:00,2020-06-25
229986,1633,2020-06-25 20:50:00,2020-06-25
231733,1747,2020-06-25 22:38:00,2020-06-25
232180,447,2020-06-26 09:53:00,2020-06-26
232642,462,2020-06-26 10:05:00,2020-06-26
233243,601,2020-06-26 12:08:00,2020-06-26
234492,1249,2020-06-26 18:12:00,2020-06-26
235790,1298,2020-06-26 18:34:00,2020-06-26
237362,1572,2020-06-26 21:00:00,2020-06-26
239040,1678,2020-06-26 22:40:00,2020-06-26
240773,1733,2020-06-26 23:29:00,2020-06-26
240790,17,2020-06-27 00:41:00,2020-06-27
241121,331,2020-06-27 12:02:00,2020-06-27
241781,660,2020-06-27 17:03:00,2020-06-27
242608,827,2020-06-27 19:04:00,2020-06-27
243688,1080,2020-06-27 23:44:00,2020-06-27
243689,1,2020-06-28 00:00:00,2020-06-28
244151,462,2020-06-28 14:43:00,2020-06-28
244768,617,2020-06-28 17:42:00,2020-06-28
245486,718,2020-06-28 19:07:00,2020-06-28
245588,102,2020-06-29 07:40:00,2020-06-29
245911,323,2020-06-29 09:03:00,2020-06-29
246419,508,2020-06-29 11:57:00,2020-06-29
247590,1171,2020-06-29 18:35:00,2020-06-29
248811,1221,2020-06-29 18:52:00,2020-06-29
250318,1507,2020-06-29 22:02:00,2020-06-29
250762,444,2020-06-30 09:21:00,2020-06-30
251454,692,2020-06-30 12:06:00,2020-06-30
252154,700,2020-06-30 12:09:00,2020-06-30
252894,740,2020-06-30 12:30:00,2020-06-30
254371,1477,2020-06-30 18:47:00,2020-06-30
255871,1500,2020-06-30 18:55:00,2020-06-30
257393,1522,2020-06-30 19:03:00,2020-06-30
259180,1787,2020-06-30 21:35:00,2020-06-30
260981,1801,2020-06-30 21:53:00,2020-06-30
262785,1804,2020-06-30 22:02:00,2020-06-30
262880,95,2020-07-01 06:34:00,2020-07-01
262982,102,2020-07-01 07:00:00,2020-07-01
263932,950,2020-07-01 16:20:00,2020-07-01
265072,1140,2020-07-01 17:45:00,2020-07-01
266285,1213,2020-07-01 18:02:00,2020-07-01
267517,1232,2020-07-01 18:09:00,2020-07-01
268757,1240,2020-07-01 18:13:00,2020-07-01
270097,1340,2020-07-01 18:47:00,2020-07-01
271737,1640,2020-07-01 22:13:00,2020-07-01
273437,1700,2020-07-01 23:21:00,2020-07-01
273508,71,2020-07-02 06:30:00,2020-07-02
273601,93,2020-07-02 07:15:00,2020-07-02
273955,354,2020-07-02 09:00:00,2020-07-02
274359,404,2020-07-02 09:21:00,2020-07-02
275153,794,2020-07-02 14:07:00,2020-07-02
275973,820,2020-07-02 14:30:00,2020-07-02
277042,1069,2020-07-02 17:04:00,2020-07-02
278744,1702,2020-07-02 21:33:00,2020-07-02
280525,1781,2020-07-02 23:03:00,2020-07-02
282323,1798,2020-07-02 23:10:00,2020-07-02
284133,1810,2020-07-02 23:15:00,2020-07-02
285955,1822,2020-07-02 23:31:00,2020-07-02
285999,44,2020-07-03 01:52:00,2020-07-03
286201,202,2020-07-03 08:21:00,2020-07-03
286537,336,2020-07-03 09:08:00,2020-07-03
286892,355,2020-07-03 09:17:00,2020-07-03
287441,549,2020-07-03 11:42:00,2020-07-03
288061,620,2020-07-03 12:22:00,2020-07-03
288820,759,2020-07-03 13:56:00,2020-07-03
289587,767,2020-07-03 14:01:00,2020-07-03
290463,876,2020-07-03 15:21:00,2020-07-03
291714,1251,2020-07-03 18:21:00,2020-07-03
293056,1342,2020-07-03 18:55:00,2020-07-03
294529,1473,2020-07-03 19:52:00,2020-07-03
296094,1565,2020-07-03 20:54:00,2020-07-03
297676,1582,2020-07-03 21:16:00,2020-07-03
299284,1608,2020-07-03 21:34:00,2020-07-03
300988,1704,2020-07-03 23:53:00,2020-07-03
301063,75,2020-07-04 06:09:00,2020-07-04
301225,162,2020-07-04 09:30:00,2020-07-04
301503,278,2020-07-04 11:09:00,2020-07-04
301828,325,2020-07-04 11:54:00,2020-07-04
302222,394,2020-07-04 13:01:00,2020-07-04
302637,415,2020-07-04 13:15:00,2020-07-04
303101,464,2020-07-04 14:00:00,2020-07-04
303723,622,2020-07-04 17:12:00,2020-07-04
303771,48,2020-07-05 02:24:00,2020-07-05
303862,91,2020-07-05 07:28:00,2020-07-05
303956,94,2020-07-05 07:45:00,2020-07-05
304106,150,2020-07-05 09:41:00,2020-07-05
304403,297,2020-07-05 13:04:00,2020-07-05
304828,425,2020-07-05 16:58:00,2020-07-05
305304,476,2020-07-05 18:04:00,2020-07-05
305825,521,2020-07-05 18:45:00,2020-07-05
306414,589,2020-07-05 19:57:00,2020-07-05
306512,98,2020-07-06 06:09:00,2020-07-06
306626,114,2020-07-06 06:44:00,2020-07-06
306803,177,2020-07-06 07:56:00,2020-07-06
307021,218,2020-07-06 08:14:00,2020-07-06
307580,559,2020-07-06 11:45:00,2020-07-06
308365,785,2020-07-06 15:25:00,2020-07-06
309160,795,2020-07-06 15:30:00,2020-07-06
310015,855,2020-07-06 16:27:00,2020-07-06
310891,876,2020-07-06 16:39:00,2020-07-06
311797,906,2020-07-06 16:58:00,2020-07-06
312911,1114,2020-07-06 18:12:00,2020-07-06
314108,1197,2020-07-06 18:45:00,2020-07-06
315333,1225,2020-07-06 18:53:00,2020-07-06
316609,1276,2020-07-06 19:11:00,2020-07-06
316674,65,2020-07-07 06:18:00,2020-07-07
316988,314,2020-07-07 08:46:00,2020-07-07
317888,900,2020-07-07 15:52:00,2020-07-07
319375,1487,2020-07-07 19:41:00,2020-07-07
319613,238,2020-07-08 08:16:00,2020-07-08
320080,467,2020-07-08 09:33:00,2020-07-08
321434,1354,2020-07-08 18:53:00,2020-07-08
323082,1648,2020-07-08 21:46:00,2020-07-08
323083,1,2020-07-09 00:06:00,2020-07-09
323272,189,2020-07-09 08:15:00,2020-07-09
323543,271,2020-07-09 08:35:00,2020-07-09
324066,523,2020-07-09 11:12:00,2020-07-09
324960,894,2020-07-09 16:30:00,2020-07-09
325795,835,2020-07-10 16:21:00,2020-07-10
327148,1353,2020-07-10 20:40:00,2020-07-10
328536,1388,2020-07-10 21:10:00,2020-07-10
329989,1453,2020-07-10 22:13:00,2020-07-10
330048,59,2020-07-11 05:32:00,2020-07-11
330300,252,2020-07-11 11:36:00,2020-07-11
330573,273,2020-07-11 11:57:00,2020-07-11
331086,513,2020-07-11 17:09:00,2020-07-11
331300,214,2020-07-12 11:02:00,2020-07-12
331867,567,2020-07-12 20:19:00,2020-07-12
332471,604,2020-07-12 21:01:00,2020-07-12
332604,133,2020-07-13 08:24:00,2020-07-13
333247,643,2020-07-13 17:07:00,2020-07-13
333979,732,2020-07-13 18:09:00,2020-07-13
334259,280,2020-07-14 12:15:00,2020-07-14
334973,714,2020-07-14 20:18:00,2020-07-14
335208,235,2020-07-15 08:33:00,2020-07-15
335596,388,2020-07-15 10:34:00,2020-07-15
336816,1220,2020-07-15 19:08:00,2020-07-15
338161,1345,2020-07-15 19:45:00,2020-07-15
339642,1481,2020-07-15 21:24:00,2020-07-15
339864,222,2020-07-16 08:32:00,2020-07-16
340292,428,2020-07-16 10:01:00,2020-07-16
340825,533,2020-07-16 11:30:00,2020-07-16
341961,1136,2020-07-16 18:16:00,2020-07-16
343429,1468,2020-07-16 20:44:00,2020-07-16
343708,279,2020-07-17 08:55:00,2020-07-17
344854,1146,2020-07-17 18:28:00,2020-07-17
346255,1401,2020-07-17 21:00:00,2020-07-17
346639,384,2020-07-18 13:10:00,2020-07-18
347274,635,2020-07-18 18:18:00,2020-07-18
347967,693,2020-07-18 18:58:00,2020-07-18
348037,70,2020-07-19 06:45:00,2020-07-19
348115,78,2020-07-19 07:31:00,2020-07-19
348497,382,2020-07-19 15:38:00,2020-07-19
348996,499,2020-07-19 18:29:00,2020-07-19
349754,758,2020-07-19 23:34:00,2020-07-19
350223,469,2020-07-20 12:25:00,2020-07-20
350722,499,2020-07-20 13:03:00,2020-07-20
351501,779,2020-07-20 17:23:00,2020-07-20
352801,1300,2020-07-20 21:49:00,2020-07-20
352949,148,2020-07-21 08:20:00,2020-07-21
354235,1286,2020-07-21 19:21:00,2020-07-21
355418,1183,2020-07-22 19:15:00,2020-07-22
355868,450,2020-07-23 11:32:00,2020-07-23
357144,1276,2020-07-23 23:40:00,2020-07-23
357733,589,2020-07-24 14:40:00,2020-07-24
358812,1079,2020-07-24 19:24:00,2020-07-24
358900,88,2020-07-25 06:28:00,2020-07-25
359693,793,2020-07-25 21:18:00,2020-07-25
360071,378,2020-07-26 16:38:00,2020-07-26
360609,538,2020-07-27 14:24:00,2020-07-27
360944,335,2020-07-28 10:13:00,2020-07-28
361373,429,2020-07-28 11:59:00,2020-07-28
361848,475,2020-07-29 12:01:00,2020-07-29
362073,225,2020-07-30 08:38:00,2020-07-30
363104,1031,2020-07-30 19:34:00,2020-07-30
363305,201,2020-07-31 08:43:00,2020-07-31
363719,414,2020-07-31 11:38:00,2020-07-31
364652,933,2020-07-31 19:01:00,2020-07-31
365603,951,2020-07-31 19:08:00,2020-07-31
365627,24,2020-08-01 00:57:00,2020-08-01
365861,234,2020-08-01 11:48:00,2020-08-01
366118,257,2020-08-01 12:31:00,2020-08-01
366509,391,2020-08-01 17:00:00,2020-08-01
366574,65,2020-08-02 05:51:00,2020-08-02
366750,176,2020-08-03 08:42:00,2020-08-03
367810,1060,2020-08-03 22:37:00,2020-08-03
367867,57,2020-08-04 07:18:00,2020-08-04
368631,764,2020-08-04 18:02:00,2020-08-04
369636,1005,2020-08-04 20:20:00,2020-08-04
369806,170,2020-08-05 08:35:00,2020-08-05
369942,136,2020-08-06 08:37:00,2020-08-06
370112,170,2020-08-07 08:28:00,2020-08-07
371136,1024,2020-08-07 20:25:00,2020-08-07
372209,1073,2020-08-07 21:09:00,2020-08-07
373335,1126,2020-08-07 22:17:00,2020-08-07
373786,451,2020-08-08 16:25:00,2020-08-08
373857,71,2020-08-09 05:42:00,2020-08-09
374020,163,2020-08-09 10:00:00,2020-08-09
374292,272,2020-08-09 12:29:00,2020-08-09
374905,613,2020-08-09 21:33:00,2020-08-09
375018,113,2020-08-10 08:32:00,2020-08-10
375442,424,2020-08-10 14:30:00,2020-08-10
375631,189,2020-08-11 08:51:00,2020-08-11
375789,158,2020-08-12 08:35:00,2020-08-12
376262,473,2020-08-12 14:03:00,2020-08-12
376939,677,2020-08-12 17:20:00,2020-08-12
377117,178,2020-08-13 08:53:00,2020-08-13
377379,262,2020-08-13 10:19:00,2020-08-13
377534,155,2020-08-14 08:23:00,2020-08-14
378330,796,2020-08-14 19:17:00,2020-08-14
378581,251,2020-08-15 12:16:00,2020-08-15
378642,61,2020-08-16 02:07:00,2020-08-16
378760,118,2020-08-17 08:29:00,2020-08-17
379418,658,2020-08-17 17:24:00,2020-08-17
380418,1000,2020-08-17 21:08:00,2020-08-17
381468,1050,2020-08-17 22:33:00,2020-08-17
381572,104,2020-08-18 08:19:00,2020-08-18
381903,331,2020-08-18 11:04:00,2020-08-18
382817,914,2020-08-18 18:39:00,2020-08-18
383243,426,2020-08-19 12:17:00,2020-08-19
383315,72,2020-08-20 07:06:00,2020-08-20
383419,104,2020-08-20 08:00:00,2020-08-20
384123,704,2020-08-20 17:20:00,2020-08-20
384153,30,2020-08-21 01:01:00,2020-08-21
385345,1192,2020-08-21 23:54:00,2020-08-21
385831,486,2020-08-22 18:32:00,2020-08-22
385895,64,2020-08-23 06:33:00,2020-08-23
386054,159,2020-08-23 10:47:00,2020-08-23
387346,1292,2020-08-24 22:18:00,2020-08-24
387600,254,2020-08-25 08:50:00,2020-08-25
387975,375,2020-08-25 09:48:00,2020-08-25
388460,485,2020-08-25 11:20:00,2020-08-25
389491,1031,2020-08-25 18:14:00,2020-08-25
390591,1100,2020-08-25 18:38:00,2020-08-25
392021,1430,2020-08-25 22:48:00,2020-08-25
392667,646,2020-08-26 13:30:00,2020-08-26
393631,964,2020-08-26 17:21:00,2020-08-26
394738,1107,2020-08-26 18:14:00,2020-08-26
395102,364,2020-08-27 09:52:00,2020-08-27
395508,406,2020-08-27 10:20:00,2020-08-27
396499,991,2020-08-27 17:49:00,2020-08-27
397698,1199,2020-08-27 19:13:00,2020-08-27
399170,1472,2020-08-27 23:27:00,2020-08-27
399487,317,2020-08-28 09:38:00,2020-08-28
399807,320,2020-08-29 15:20:00,2020-08-29
400341,534,2020-08-30 17:33:00,2020-08-30
401290,949,2020-08-31 16:30:00,2020-08-31
402531,1241,2020-08-31 18:17:00,2020-08-31
404055,1524,2020-08-31 20:13:00,2020-08-31
405670,1615,2020-08-31 21:47:00,2020-08-31
405736,66,2020-09-01 07:22:00,2020-09-01
405814,78,2020-09-01 07:30:00,2020-09-01
406199,385,2020-09-01 09:03:00,2020-09-01
406956,757,2020-09-01 12:43:00,2020-09-01
408250,1294,2020-09-01 17:26:00,2020-09-01
409595,1345,2020-09-01 17:41:00,2020-09-01
411265,1670,2020-09-01 19:16:00,2020-09-01
412971,1706,2020-09-01 19:25:00,2020-09-01
414806,1835,2020-09-01 20:33:00,2020-09-01
414850,44,2020-09-02 02:44:00,2020-09-02
415272,422,2020-09-02 09:27:00,2020-09-02
416255,983,2020-09-02 15:11:00,2020-09-02
417829,1574,2020-09-02 18:54:00,2020-09-02
419644,1815,2020-09-02 20:39:00,2020-09-02
419727,83,2020-09-03 07:15:00,2020-09-03
419877,150,2020-09-03 07:45:00,2020-09-03
420381,504,2020-09-03 09:27:00,2020-09-03
422040,1659,2020-09-03 18:55:00,2020-09-03
423974,1934,2020-09-03 20:55:00,2020-09-03
425950,1976,2020-09-03 21:33:00,2020-09-03
427950,2000,2020-09-03 22:00:00,2020-09-03
430019,2069,2020-09-03 23:15:00,2020-09-03
432104,2085,2020-09-03 23:33:00,2020-09-03
432618,514,2020-09-04 09:21:00,2020-09-04
434196,1578,2020-09-04 18:43:00,2020-09-04
435815,1619,2020-09-04 19:00:00,2020-09-04
437538,1723,2020-09-04 19:51:00,2020-09-04
439453,1915,2020-09-04 22:11:00,2020-09-04
439685,232,2020-09-05 10:31:00,2020-09-05
440152,467,2020-09-05 13:38:00,2020-09-05
441102,950,2020-09-05 19:30:00,2020-09-05
442188,1086,2020-09-05 21:13:00,2020-09-05
442277,89,2020-09-06 06:31:00,2020-09-06
442398,121,2020-09-06 08:38:00,2020-09-06
442680,282,2020-09-06 11:44:00,2020-09-06
442997,317,2020-09-07 08:31:00,2020-09-07
443515,518,2020-09-07 09:27:00,2020-09-07
444728,1213,2020-09-07 16:11:00,2020-09-07
446372,1644,2020-09-07 18:02:00,2020-09-07
448062,1690,2020-09-07 18:14:00,2020-09-07
449925,1863,2020-09-07 18:53:00,2020-09-07
451921,1996,2020-09-07 19:38:00,2020-09-07
454011,2090,2020-09-07 20:30:00,2020-09-07
456128,2117,2020-09-07 20:42:00,2020-09-07
458302,2174,2020-09-07 21:39:00,2020-09-07
458873,571,2020-09-08 09:46:00,2020-09-08
459800,927,2020-09-08 13:27:00,2020-09-08
460732,932,2020-09-08 13:31:00,2020-09-08
462429,1697,2020-09-08 18:20:00,2020-09-08
464223,1794,2020-09-08 18:46:00,2020-09-08
466121,1898,2020-09-08 19:09:00,2020-09-08
468121,2000,2020-09-08 19:42:00,2020-09-08
470302,2181,2020-09-08 21:16:00,2020-09-08
470671,369,2020-09-09 09:19:00,2020-09-09
471140,469,2020-09-09 10:36:00,2020-09-09
471982,842,2020-09-09 15:01:00,2020-09-09
473602,1620,2020-09-09 20:00:00,2020-09-09
475359,1757,2020-09-09 21:56:00,2020-09-09
476164,805,2020-09-10 11:52:00,2020-09-10
478055,1891,2020-09-10 19:24:00,2020-09-10
480055,2000,2020-09-10 20:20:00,2020-09-10
482175,2120,2020-09-10 22:50:00,2020-09-10
482574,399,2020-09-11 08:45:00,2020-09-11
483071,497,2020-09-11 09:19:00,2020-09-11
484911,1840,2020-09-11 19:49:00,2020-09-11
486759,1848,2020-09-11 19:52:00,2020-09-11
488828,2069,2020-09-11 23:10:00,2020-09-11
488851,23,2020-09-12 00:23:00,2020-09-12
489036,185,2020-09-12 09:08:00,2020-09-12
489597,561,2020-09-12 13:50:00,2020-09-12
490834,1237,2020-09-12 23:24:00,2020-09-12
490941,107,2020-09-13 07:15:00,2020-09-13
491575,634,2020-09-13 18:55:00,2020-09-13
492349,774,2020-09-13 20:49:00,2020-09-13
492711,362,2020-09-14 08:39:00,2020-09-14
493386,675,2020-09-14 10:35:00,2020-09-14
494678,1292,2020-09-14 16:40:00,2020-09-14
496545,1867,2020-09-14 18:49:00,2020-09-14
498676,2131,2020-09-14 20:13:00,2020-09-14
499342,666,2020-09-15 09:48:00,2020-09-15
500478,1136,2020-09-15 13:40:00,2020-09-15
502492,2014,2020-09-15 18:31:00,2020-09-15
504606,2114,2020-09-15 18:53:00,2020-09-15
506991,2385,2020-09-15 20:16:00,2020-09-15
509452,2461,2020-09-15 20:47:00,2020-09-15
512056,2604,2020-09-15 23:04:00,2020-09-15
514661,2605,2020-09-15 23:08:00,2020-09-15
514676,15,2020-09-16 00:30:00,2020-09-16
515262,586,2020-09-16 09:34:00,2020-09-16
516356,1094,2020-09-16 13:10:00,2020-09-16
517763,1407,2020-09-16 15:27:00,2020-09-16
519276,1513,2020-09-16 16:20:00,2020-09-16
521216,1940,2020-09-16 18:18:00,2020-09-16
523380,2164,2020-09-16 19:04:00,2020-09-16
525602,2222,2020-09-16 19:21:00,2020-09-16
527920,2318,2020-09-16 20:08:00,2020-09-16
530383,2463,2020-09-16 21:55:00,2020-09-16
530907,524,2020-09-17 09:00:00,2020-09-17
531700,793,2020-09-17 11:12:00,2020-09-17
533527,1827,2020-09-17 17:56:00,2020-09-17
535537,2010,2020-09-17 18:35:00,2020-09-17
537587,2050,2020-09-17 18:42:00,2020-09-17
540043,2456,2020-09-17 21:38:00,2020-09-17
540370,327,2020-09-18 08:23:00,2020-09-18
540730,360,2020-09-18 08:30:00,2020-09-18
541234,504,2020-09-18 08:54:00,2020-09-18
541985,751,2020-09-18 10:56:00,2020-09-18
542920,935,2020-09-18 11:11:00,2020-09-18
543999,1079,2020-09-18 12:23:00,2020-09-18
545291,1292,2020-09-18 14:02:00,2020-09-18
547413,2122,2020-09-18 18:54:00,2020-09-18
547713,300,2020-09-19 12:19:00,2020-09-19
548162,449,2020-09-19 15:14:00,2020-09-19
548644,482,2020-09-19 15:47:00,2020-09-19
548652,8,2020-09-20 00:54:00,2020-09-20
548684,32,2020-09-20 07:56:00,2020-09-20
548717,33,2020-09-20 08:03:00,2020-09-20
548805,88,2020-09-20 09:52:00,2020-09-20
549689,884,2020-09-20 20:00:00,2020-09-20
550687,998,2020-09-20 22:00:00,2020-09-20
552029,1342,2020-09-21 16:39:00,2020-09-21
554080,2051,2020-09-21 19:38:00,2020-09-21
556335,2255,2020-09-21 20:59:00,2020-09-21
558717,2382,2020-09-21 23:09:00,2020-09-21
558982,265,2020-09-22 08:23:00,2020-09-22
559386,404,2020-09-22 08:45:00,2020-09-22
561482,2096,2020-09-22 22:23:00,2020-09-22
562037,555,2020-09-23 09:41:00,2020-09-23
563397,1360,2020-09-23 15:45:00,2020-09-23
565148,1751,2020-09-23 17:49:00,2020-09-23
565467,319,2020-09-24 08:22:00,2020-09-24
567858,2391,2020-09-24 23:13:00,2020-09-24
569454,1596,2020-09-25 17:58:00,2020-09-25
571087,1633,2020-09-25 18:12:00,2020-09-25
572825,1738,2020-09-25 18:42:00,2020-09-25
573035,210,2020-09-26 10:32:00,2020-09-26
573266,231,2020-09-26 10:48:00,2020-09-26
573688,422,2020-09-26 13:12:00,2020-09-26
573761,73,2020-09-27 07:00:00,2020-09-27
574018,257,2020-09-27 12:42:00,2020-09-27
574276,258,2020-09-27 12:44:00,2020-09-27
574811,535,2020-09-27 19:22:00,2020-09-27
575341,530,2020-09-28 10:19:00,2020-09-28
576269,928,2020-09-28 14:32:00,2020-09-28
577305,1036,2020-09-28 15:58:00,2020-09-28
578466,1161,2020-09-28 16:46:00,2020-09-28
579747,1281,2020-09-28 17:25:00,2020-09-28
579750,3,2020-09-29 00:16:00,2020-09-29
579781,31,2020-09-29 06:57:00,2020-09-29
579883,102,2020-09-29 07:46:00,2020-09-29
580368,485,2020-09-29 09:08:00,2020-09-29
581291,923,2020-09-29 13:07:00,2020-09-29
583042,1751,2020-09-29 18:23:00,2020-09-29
584975,1933,2020-09-29 18:46:00,2020-09-29
587289,2314,2020-09-29 21:00:00,2020-09-29
587422,133,2020-09-30 07:51:00,2020-09-30
588076,654,2020-09-30 10:42:00,2020-09-30
588984,908,2020-09-30 12:46:00,2020-09-30
590294,1310,2020-09-30 15:35:00,2020-09-30
591951,1657,2020-09-30 17:25:00,2020-09-30
594040,2089,2020-09-30 18:57:00,2020-09-30
594629,589,2020-10-01 09:52:00,2020-10-01
595372,743,2020-10-01 11:32:00,2020-10-01
596547,1175,2020-10-01 15:45:00,2020-10-01
598499,1952,2020-10-01 19:31:00,2020-10-01
600658,2159,2020-10-01 22:03:00,2020-10-01
602891,2233,2020-10-01 23:04:00,2020-10-01
603230,339,2020-10-02 08:52:00,2020-10-02
603730,500,2020-10-02 10:16:00,2020-10-02
605026,1296,2020-10-02 19:00:00,2020-10-02
606379,1353,2020-10-02 19:49:00,2020-10-02
606431,52,2020-10-03 08:46:00,2020-10-03
606558,127,2020-10-03 10:24:00,2020-10-03
607133,575,2020-10-03 16:35:00,2020-10-03
607214,81,2020-10-04 07:21:00,2020-10-04
607587,373,2020-10-04 14:15:00,2020-10-04
608077,490,2020-10-04 16:42:00,2020-10-04
608601,524,2020-10-04 17:15:00,2020-10-04
609153,552,2020-10-05 09:32:00,2020-10-05
610258,1105,2020-10-05 15:08:00,2020-10-05
611527,1269,2020-10-05 16:42:00,2020-10-05
613081,1554,2020-10-05 17:58:00,2020-10-05
615100,2019,2020-10-05 20:15:00,2020-10-05
617170,2070,2020-10-05 20:45:00,2020-10-05
619253,2083,2020-10-06 20:20:00,2020-10-06
619726,473,2020-10-07 09:31:00,2020-10-07
620984,1258,2020-10-07 15:37:00,2020-10-07
623108,2124,2020-10-07 19:35:00,2020-10-07
625340,2232,2020-10-07 20:08:00,2020-10-07
626459,1119,2020-10-08 15:16:00,2020-10-08
628346,1887,2020-10-08 19:00:00,2020-10-08
630512,2166,2020-10-08 20:36:00,2020-10-08
630863,351,2020-10-09 08:39:00,2020-10-09
631427,564,2020-10-09 09:40:00,2020-10-09
632658,1231,2020-10-09 15:45:00,2020-10-09
634451,1793,2020-10-09 18:30:00,2020-10-09
634811,360,2020-10-10 11:40:00,2020-10-10
635564,753,2020-10-10 16:00:00,2020-10-10
636119,555,2020-10-11 16:47:00,2020-10-11
636679,560,2020-10-11 16:50:00,2020-10-11
638284,1605,2020-10-12 18:10:00,2020-10-12
640330,2046,2020-10-12 20:46:00,2020-10-12
641323,993,2020-10-13 13:36:00,2020-10-13
642808,1485,2020-10-13 17:23:00,2020-10-13
644882,2074,2020-10-13 20:15:00,2020-10-13
647025,2143,2020-10-13 21:09:00,2020-10-13
647495,470,2020-10-14 09:35:00,2020-10-14
649015,1520,2020-10-14 17:18:00,2020-10-14
650205,1190,2020-10-15 16:02:00,2020-10-15
652089,1884,2020-10-15 19:26:00,2020-10-15
654149,2060,2020-10-15 20:51:00,2020-10-15
656252,2103,2020-10-15 21:53:00,2020-10-15
656528,276,2020-10-16 08:36:00,2020-10-16
657448,920,2020-10-16 14:02:00,2020-10-16
659088,1640,2020-10-16 18:54:00,2020-10-16
660792,1704,2020-10-16 19:18:00,2020-10-16
662730,1938,2020-10-16 21:35:00,2020-10-16
662770,40,2020-10-17 06:12:00,2020-10-17
663831,1061,2020-10-17 20:13:00,2020-10-17
664208,377,2020-10-18 14:47:00,2020-10-18
664669,461,2020-10-18 15:41:00,2020-10-18
665210,541,2020-10-18 16:41:00,2020-10-18
665834,624,2020-10-18 17:34:00,2020-10-18
667190,1356,2020-10-19 18:26:00,2020-10-19
667690,500,2020-10-20 11:48:00,2020-10-20
668267,577,2020-10-20 12:35:00,2020-10-20
669240,973,2020-10-20 16:56:00,2020-10-20
670422,1182,2020-10-20 18:05:00,2020-10-20
670453,31,2020-10-21 07:26:00,2020-10-21
671153,700,2020-10-21 14:18:00,2020-10-21
672488,1335,2020-10-21 19:30:00,2020-10-21
673313,825,2020-10-22 18:36:00,2020-10-22
674353,1040,2020-10-22 20:51:00,2020-10-22
675602,1249,2020-10-23 19:36:00,2020-10-23
675608,6,2020-10-24 06:07:00,2020-10-24
675945,337,2020-10-24 13:28:00,2020-10-24
675982,37,2020-10-25 08:58:00,2020-10-25
676839,857,2020-10-26 17:37:00,2020-10-26
677863,1024,2020-10-26 18:34:00,2020-10-26
679002,1139,2020-10-26 19:46:00,2020-10-26
679211,209,2020-10-27 08:56:00,2020-10-27
680412,1201,2020-10-27 19:05:00,2020-10-27
681656,1244,2020-10-27 19:27:00,2020-10-27
681669,13,2020-10-28 06:24:00,2020-10-28
681745,76,2020-10-28 08:00:00,2020-10-28
681983,238,2020-10-28 09:03:00,2020-10-28
683153,1170,2020-10-29 18:05:00,2020-10-29
683478,325,2020-10-30 12:49:00,2020-10-30
683600,122,2020-10-31 11:28:00,2020-10-31
683822,222,2020-10-31 13:28:00,2020-10-31
684284,462,2020-10-31 19:33:00,2020-10-31
684639,355,2020-11-01 17:54:00,2020-11-01
685007,368,2020-11-01 18:07:00,2020-11-01
685017,10,2020-11-02 06:32:00,2020-11-02
685425,408,2020-11-02 11:36:00,2020-11-02
686057,632,2020-11-02 15:57:00,2020-11-02
686974,917,2020-11-02 18:16:00,2020-11-02
688015,1041,2020-11-02 19:23:00,2020-11-02
688979,964,2020-11-03 18:19:00,2020-11-03
690070,1091,2020-11-03 19:42:00,2020-11-03
690077,7,2020-11-04 06:17:00,2020-11-04
690467,390,2020-11-04 11:31:00,2020-11-04
690938,471,2020-11-04 12:27:00,2020-11-04
691593,655,2020-11-04 15:20:00,2020-11-04
692472,879,2020-11-05 17:37:00,2020-11-05
692629,157,2020-11-06 08:27:00,2020-11-06
692858,229,2020-11-06 08:54:00,2020-11-06
693313,455,2020-11-07 19:41:00,2020-11-07
693668,355,2020-11-08 18:26:00,2020-11-08
694501,833,2020-11-09 18:20:00,2020-11-09
694507,6,2020-11-10 06:28:00,2020-11-10
694913,406,2020-11-10 11:40:00,2020-11-10
695481,568,2020-11-10 13:34:00,2020-11-10
695562,81,2020-11-11 10:27:00,2020-11-11
696284,722,2020-11-12 16:06:00,2020-11-12
696704,420,2020-11-13 11:37:00,2020-11-13
697166,462,2020-11-13 12:07:00,2020-11-13
697810,644,2020-11-14 22:22:00,2020-11-14
697928,118,2020-11-15 14:21:00,2020-11-15
698652,724,2020-11-16 16:39:00,2020-11-16
699453,801,2020-11-16 17:15:00,2020-11-16
700733,1280,2020-11-17 20:59:00,2020-11-17
701285,552,2020-11-18 13:10:00,2020-11-18
701944,659,2020-11-19 15:21:00,2020-11-19
703101,1157,2020-11-19 19:40:00,2020-11-19
704004,903,2020-11-20 17:57:00,2020-11-20
704616,612,2020-11-21 17:56:00,2020-11-21
705084,468,2020-11-22 18:25:00,2020-11-22
705561,477,2020-11-22 18:38:00,2020-11-22
705565,4,2020-11-23 06:27:00,2020-11-23
705936,371,2020-11-23 11:39:00,2020-11-23
706547,611,2020-11-23 15:42:00,2020-11-23
707457,910,2020-11-23 18:17:00,2020-11-23
708504,1047,2020-11-23 19:46:00,2020-11-23
709704,1200,2020-11-24 19:39:00,2020-11-24
710313,609,2020-11-25 16:38:00,2020-11-25
711143,830,2020-11-25 19:01:00,2020-11-25
712034,891,2020-11-25 19:47:00,2020-11-25
712857,823,2020-11-26 18:20:00,2020-11-26
713582,725,2020-11-27 16:56:00,2020-11-27
714544,962,2020-11-27 19:02:00,2020-11-27
714546,2,2020-11-28 00:28:00,2020-11-28
714608,62,2020-11-28 09:15:00,2020-11-28
714821,213,2020-11-28 10:22:00,2020-11-28
715083,262,2020-11-28 10:36:00,2020-11-28
715392,309,2020-11-28 10:58:00,2020-11-28
715719,327,2020-11-28 11:04:00,2020-11-28
715736,17,2020-11-29 06:30:00,2020-11-29
716406,670,2020-11-29 17:06:00,2020-11-29
717189,783,2020-11-30 16:39:00,2020-11-30
718277,1088,2020-11-30 18:45:00,2020-11-30
718835,558,2020-12-01 14:03:00,2020-12-01
718915,80,2020-12-02 07:58:00,2020-12-02
719056,141,2020-12-02 08:27:00,2020-12-02
719204,148,2020-12-02 08:30:00,2020-12-02
719373,169,2020-12-02 08:40:00,2020-12-02
720032,659,2020-12-02 14:11:00,2020-12-02
720297,265,2020-12-03 09:04:00,2020-12-03
720631,334,2020-12-03 09:40:00,2020-12-03
721152,521,2020-12-03 12:45:00,2020-12-03
721685,533,2020-12-03 13:00:00,2020-12-03
722252,567,2020-12-03 13:25:00,2020-12-03
722865,613,2020-12-03 14:01:00,2020-12-03
723396,531,2020-12-04 13:58:00,2020-12-04
723450,54,2020-12-05 09:21:00,2020-12-05
724383,933,2020-12-05 21:04:00,2020-12-05
724416,33,2020-12-06 06:47:00,2020-12-06
724640,224,2020-12-06 12:24:00,2020-12-06
725022,382,2020-12-06 15:21:00,2020-12-06
725548,526,2020-12-07 13:30:00,2020-12-07
726244,696,2020-12-07 16:38:00,2020-12-07
726428,184,2020-12-08 08:42:00,2020-12-08
726459,31,2020-12-09 07:20:00,2020-12-09
726799,340,2020-12-09 10:20:00,2020-12-09
727484,685,2020-12-09 14:51:00,2020-12-09
728603,1119,2020-12-09 19:21:00,2020-12-09
729405,802,2020-12-10 20:28:00,2020-12-10
729631,226,2020-12-11 12:03:00,2020-12-11
729929,298,2020-12-12 13:18:00,2020-12-12
730460,531,2020-12-12 17:04:00,2020-12-12
731060,600,2020-12-12 18:00:00,2020-12-12
731100,40,2020-12-13 06:50:00,2020-12-13
731202,102,2020-12-13 10:50:00,2020-12-13
731316,114,2020-12-13 11:00:00,2020-12-13
731701,385,2020-12-13 15:22:00,2020-12-13
732268,567,2020-12-13 17:38:00,2020-12-13
732388,120,2020-12-14 08:25:00,2020-12-14
732488,100,2020-12-15 08:28:00,2020-12-15
732710,222,2020-12-16 10:13:00,2020-12-16
733020,310,2020-12-16 11:44:00,2020-12-16
733344,324,2020-12-16 11:58:00,2020-12-16
733689,345,2020-12-16 12:12:00,2020-12-16
734160,471,2020-12-16 13:49:00,2020-12-16
734662,502,2020-12-16 14:14:00,2020-12-16
735179,517,2020-12-16 14:26:00,2020-12-16
735797,618,2020-12-16 15:46:00,2020-12-16
736607,810,2020-12-16 17:38:00,2020-12-16
737655,1048,2020-12-16 19:45:00,2020-12-16
737734,79,2020-12-17 08:27:00,2020-12-17
737870,136,2020-12-17 09:14:00,2020-12-17
738223,353,2020-12-17 14:01:00,2020-12-17
738980,757,2020-12-17 19:29:00,2020-12-17
739122,142,2020-12-18 09:41:00,2020-12-18
739286,164,2020-12-18 10:26:00,2020-12-18
739740,454,2020-12-18 15:43:00,2020-12-18
740294,554,2020-12-18 16:42:00,2020-12-18
741210,916,2020-12-18 20:26:00,2020-12-18
741348,138,2020-12-19 11:15:00,2020-12-19
741579,231,2020-12-19 13:06:00,2020-12-19
742035,456,2020-12-19 16:12:00,2020-12-19
742050,15,2020-12-20 06:30:00,2020-12-20
742075,25,2020-12-20 08:41:00,2020-12-20
742697,622,2020-12-21 17:32:00,2020-12-21
743361,664,2020-12-21 17:57:00,2020-12-21
744137,776,2020-12-21 19:11:00,2020-12-21
744309,172,2020-12-22 10:43:00,2020-12-22
744540,231,2020-12-22 11:51:00,2020-12-22
744808,268,2020-12-22 12:34:00,2020-12-22
745304,496,2020-12-23 18:09:00,2020-12-23
745366,62,2020-12-24 08:49:00,2020-12-24
745520,154,2020-12-24 10:38:00,2020-12-24
745731,211,2020-12-24 11:59:00,2020-12-24
745851,120,2020-12-25 16:21:00,2020-12-25
745993,142,2020-12-25 17:01:00,2020-12-25
746247,254,2020-12-26 15:59:00,2020-12-26
746252,5,2020-12-27 07:19:00,2020-12-27
746267,15,2020-12-27 08:39:00,2020-12-27
746401,134,2020-12-27 13:44:00,2020-12-27
746655,254,2020-12-28 14:27:00,2020-12-28
746992,337,2020-12-28 16:36:00,2020-12-28
747305,313,2020-12-29 15:04:00,2020-12-29
747724,419,2020-12-29 16:48:00,2020-12-29
748347,623,2020-12-30 21:22:00,2020-12-30
748404,57,2020-12-31 08:48:00,2020-12-31
748827,423,2020-12-31 17:01:00,2020-12-31
748876,49,2021-01-01 11:00:00,2021-01-01
748961,85,2021-01-01 12:26:00,2021-01-01
749217,256,2021-01-01 16:43:00,2021-01-01
749218,1,2021-01-02 06:01:00,2021-01-02
749540,322,2021-01-02 19:25:00,2021-01-02
749550,10,2021-01-03 06:46:00,2021-01-03
749583,33,2021-01-03 09:48:00,2021-01-03
750083,500,2021-01-04 13:57:00,2021-01-04
750749,666,2021-01-04 16:39:00,2021-01-04
750881,132,2021-01-05 08:26:00,2021-01-05
751403,522,2021-01-05 14:04:00,2021-01-05
751682,279,2021-01-06 09:45:00,2021-01-06
752158,476,2021-01-06 12:26:00,2021-01-06
753077,919,2021-01-06 17:34:00,2021-01-06
753361,284,2021-01-07 09:52:00,2021-01-07
753841,480,2021-01-07 13:27:00,2021-01-07
754960,1119,2021-01-07 20:51:00,2021-01-07
755098,138,2021-01-08 08:32:00,2021-01-08
755397,299,2021-01-08 10:12:00,2021-01-08
755917,520,2021-01-08 13:56:00,2021-01-08
756622,705,2021-01-08 16:39:00,2021-01-08
756720,98,2021-01-09 10:32:00,2021-01-09
756858,138,2021-01-09 11:04:00,2021-01-09
757136,278,2021-01-09 13:20:00,2021-01-09
757464,328,2021-01-09 14:15:00,2021-01-09
758047,583,2021-01-09 19:08:00,2021-01-09
758052,5,2021-01-10 07:14:00,2021-01-10
758062,10,2021-01-10 08:12:00,2021-01-10
758237,175,2021-01-10 13:22:00,2021-01-10
758715,478,2021-01-11 13:26:00,2021-01-11
759277,562,2021-01-11 14:37:00,2021-01-11
759985,708,2021-01-11 16:39:00,2021-01-11
760122,137,2021-01-12 08:28:00,2021-01-12
760774,652,2021-01-12 16:04:00,2021-01-12
761496,722,2021-01-12 16:39:00,2021-01-12
761502,6,2021-01-13 06:17:00,2021-01-13
761789,287,2021-01-13 09:50:00,2021-01-13
762101,312,2021-01-13 09:59:00,2021-01-13
762481,380,2021-01-13 10:56:00,2021-01-13
763154,673,2021-01-13 14:22:00,2021-01-13
764194,1040,2021-01-13 18:07:00,2021-01-13
765329,1135,2021-01-13 18:43:00,2021-01-13
765476,147,2021-01-14 08:26:00,2021-01-14
765781,305,2021-01-14 09:22:00,2021-01-14
766716,935,2021-01-14 17:37:00,2021-01-14
767696,980,2021-01-14 18:00:00,2021-01-14
768745,1049,2021-01-14 18:24:00,2021-01-14
768894,149,2021-01-15 08:30:00,2021-01-15
768964,70,2021-01-16 09:48:00,2021-01-16
769067,103,2021-01-16 10:32:00,2021-01-16
769453,386,2021-01-16 14:38:00,2021-01-16
769918,465,2021-01-16 15:30:00,2021-01-16
769933,15,2021-01-17 07:01:00,2021-01-17
769983,50,2021-01-17 09:35:00,2021-01-17
770401,418,2021-01-17 16:10:00,2021-01-17
770589,188,2021-01-18 08:29:00,2021-01-18
770974,385,2021-01-18 10:17:00,2021-01-18
771774,800,2021-01-18 16:15:00,2021-01-18
772619,845,2021-01-18 16:39:00,2021-01-18
773725,1106,2021-01-18 18:00:00,2021-01-18
774342,617,2021-01-19 13:30:00,2021-01-19
775015,673,2021-01-19 14:00:00,2021-01-19
775911,896,2021-01-19 16:43:00,2021-01-19
777060,1149,2021-01-19 17:54:00,2021-01-19
777360,300,2021-01-20 09:42:00,2021-01-20
777850,490,2021-01-20 12:14:00,2021-01-20
778473,623,2021-01-20 13:56:00,2021-01-20
779124,651,2021-01-20 14:18:00,2021-01-20
779816,692,2021-01-20 14:57:00,2021-01-20
780544,728,2021-01-20 15:25:00,2021-01-20
780730,186,2021-01-21 08:32:00,2021-01-21
781830,1100,2021-01-21 17:45:00,2021-01-21
783012,1182,2021-01-21 18:04:00,2021-01-21
783194,182,2021-01-22 08:37:00,2021-01-22
783811,617,2021-01-23 16:25:00,2021-01-23
784511,700,2021-01-23 17:20:00,2021-01-23
785306,795,2021-01-23 18:26:00,2021-01-23
785312,6,2021-01-24 07:38:00,2021-01-24
785378,66,2021-01-24 10:38:00,2021-01-24
785512,134,2021-01-24 11:53:00,2021-01-24
785674,162,2021-01-24 12:18:00,2021-01-24
785863,189,2021-01-25 08:32:00,2021-01-25
786748,885,2021-01-25 17:02:00,2021-01-25
787788,1040,2021-01-25 17:52:00,2021-01-25
787970,182,2021-01-26 08:30:00,2021-01-26
788462,492,2021-01-26 11:57:00,2021-01-26
789141,679,2021-01-26 14:00:00,2021-01-26
790520,1379,2021-01-26 19:54:00,2021-01-26
790849,329,2021-01-27 09:47:00,2021-01-27
791402,553,2021-01-27 12:16:00,2021-01-27
792119,717,2021-01-27 13:47:00,2021-01-27
792881,762,2021-01-27 14:18:00,2021-01-27
793730,849,2021-01-27 15:15:00,2021-01-27
793829,99,2021-01-28 08:08:00,2021-01-28
794007,178,2021-01-28 08:32:00,2021-01-28
794339,332,2021-01-28 09:31:00,2021-01-28
794374,35,2021-01-29 07:35:00,2021-01-29
794813,439,2021-01-29 11:43:00,2021-01-29
795471,658,2021-01-29 14:00:00,2021-01-29
795578,107,2021-01-30 10:13:00,2021-01-30
795733,155,2021-01-30 10:53:00,2021-01-30
795893,160,2021-01-30 10:57:00,2021-01-30
796226,333,2021-01-30 13:59:00,2021-01-30
796496,270,2021-01-31 13:30:00,2021-01-31
796974,478,2021-01-31 16:29:00,2021-01-31
797455,481,2021-02-01 12:14:00,2021-02-01
798081,626,2021-02-01 14:01:00,2021-02-01
799047,966,2021-02-02 16:27:00,2021-02-02
800047,1000,2021-02-02 16:41:00,2021-02-02
801268,1221,2021-02-02 17:50:00,2021-02-02
802592,1324,2021-02-02 18:24:00,2021-02-02
802937,345,2021-02-03 09:43:00,2021-02-03
803324,387,2021-02-03 10:05:00,2021-02-03
803899,575,2021-02-03 12:22:00,2021-02-03
804641,742,2021-02-03 13:50:00,2021-02-03
805551,910,2021-02-03 15:35:00,2021-02-03
805734,183,2021-02-04 08:29:00,2021-02-04
806294,560,2021-02-04 12:13:00,2021-02-04
806997,703,2021-02-04 13:36:00,2021-02-04
807148,151,2021-02-05 08:29:00,2021-02-05
807806,658,2021-02-05 13:55:00,2021-02-05
807884,78,2021-02-06 09:44:00,2021-02-06
808005,121,2021-02-06 10:29:00,2021-02-06
808139,134,2021-02-06 10:40:00,2021-02-06
808295,156,2021-02-06 10:49:00,2021-02-06
808520,225,2021-02-06 11:55:00,2021-02-06
809049,529,2021-02-06 15:51:00,2021-02-06
809603,554,2021-02-06 16:21:00,2021-02-06
810109,506,2021-02-07 17:29:00,2021-02-07
810279,170,2021-02-08 08:30:00,2021-02-08
810734,455,2021-02-08 11:44:00,2021-02-08
811541,807,2021-02-08 16:21:00,2021-02-08
812478,937,2021-02-09 16:26:00,2021-02-09
813451,973,2021-02-09 16:44:00,2021-02-09
814584,1133,2021-02-09 17:28:00,2021-02-09
816093,1509,2021-02-09 21:14:00,2021-02-09
816550,457,2021-02-10 10:49:00,2021-02-10
817850,1300,2021-02-10 18:06:00,2021-02-10
819368,1518,2021-02-11 19:37:00,2021-02-11
819508,140,2021-02-12 08:28:00,2021-02-12
820149,641,2021-02-12 13:58:00,2021-02-12
821263,1114,2021-02-12 20:02:00,2021-02-12
821380,117,2021-02-13 10:23:00,2021-02-13
821564,184,2021-02-13 11:13:00,2021-02-13
821984,420,2021-02-13 14:08:00,2021-02-13
822534,550,2021-02-13 15:40:00,2021-02-13
823150,616,2021-02-13 16:28:00,2021-02-13
823857,707,2021-02-13 17:37:00,2021-02-13
824596,739,2021-02-13 17:51:00,2021-02-13
824679,83,2021-02-14 10:32:00,2021-02-14
824924,245,2021-02-14 15:00:00,2021-02-14
825172,248,2021-02-14 15:05:00,2021-02-14
825441,269,2021-02-14 15:20:00,2021-02-14
825957,516,2021-02-15 14:12:00,2021-02-15
826874,917,2021-02-15 19:31:00,2021-02-15
826941,67,2021-02-16 08:16:00,2021-02-16
827472,531,2021-02-16 17:00:00,2021-02-16
828008,536,2021-02-16 17:05:00,2021-02-16
828777,769,2021-02-16 19:52:00,2021-02-16
829658,881,2021-02-17 16:15:00,2021-02-17
830978,1320,2021-02-17 20:23:00,2021-02-17
831548,570,2021-02-18 17:58:00,2021-02-18
831616,68,2021-02-19 07:57:00,2021-02-19
831774,158,2021-02-19 08:50:00,2021-02-19
831960,186,2021-02-19 09:00:00,2021-02-19
832834,874,2021-02-19 17:50:00,2021-02-19
832933,99,2021-02-20 10:26:00,2021-02-20
833409,476,2021-02-20 17:11:00,2021-02-20
833909,500,2021-02-20 17:33:00,2021-02-20
833980,71,2021-02-21 10:40:00,2021-02-21
834120,140,2021-02-21 12:02:00,2021-02-21
834375,255,2021-02-21 14:31:00,2021-02-21
834797,422,2021-02-22 17:25:00,2021-02-22
835539,742,2021-02-23 17:33:00,2021-02-23
836675,1136,2021-02-24 19:23:00,2021-02-24
837848,1173,2021-02-24 19:54:00,2021-02-24
838284,436,2021-02-25 12:19:00,2021-02-25
839305,1021,2021-02-25 17:50:00,2021-02-25
840097,792,2021-02-26 16:11:00,2021-02-26
841107,1010,2021-02-26 17:43:00,2021-02-26
842170,1063,2021-02-26 18:06:00,2021-02-26
842185,15,2021-02-27 06:23:00,2021-02-27
842308,123,2021-02-27 10:12:00,2021-02-27
842441,133,2021-02-27 10:26:00,2021-02-27
842615,174,2021-02-27 10:57:00,2021-02-27
842790,175,2021-02-27 10:59:00,2021-02-27
843246,456,2021-02-27 14:00:00,2021-02-27
843676,430,2021-02-28 16:30:00,2021-02-28
844217,541,2021-02-28 17:45:00,2021-02-28
844995,778,2021-03-01 14:12:00,2021-03-01
845925,930,2021-03-01 15:51:00,2021-03-01
847351,1426,2021-03-01 18:21:00,2021-03-01
848393,1042,2021-03-02 16:24:00,2021-03-02
849481,1088,2021-03-02 16:43:00,2021-03-02
851031,1550,2021-03-02 19:13:00,2021-03-02
852716,1685,2021-03-02 22:40:00,2021-03-02
853248,532,2021-03-03 11:07:00,2021-03-03
853898,650,2021-03-03 12:14:00,2021-03-03
854723,825,2021-03-03 13:49:00,2021-03-03
855723,1000,2021-03-03 15:45:00,2021-03-03
857292,1569,2021-03-03 19:57:00,2021-03-03
857479,187,2021-03-04 08:25:00,2021-03-04
858161,682,2021-03-04 13:03:00,2021-03-04
859671,1510,2021-03-04 20:21:00,2021-03-04
860174,503,2021-03-05 10:47:00,2021-03-05
861174,1000,2021-03-05 15:39:00,2021-03-05
862235,1061,2021-03-05 16:06:00,2021-03-05
863497,1262,2021-03-05 17:11:00,2021-03-05
864825,1328,2021-03-05 17:29:00,2021-03-05
866216,1391,2021-03-05 17:46:00,2021-03-05
867672,1456,2021-03-05 18:05:00,2021-03-05
869272,1600,2021-03-05 19:08:00,2021-03-05
870943,1671,2021-03-05 20:26:00,2021-03-05
872687,1744,2021-03-05 23:16:00,2021-03-05
872768,81,2021-03-06 09:16:00,2021-03-06
872864,96,2021-03-06 09:24:00,2021-03-06
872998,134,2021-03-06 10:01:00,2021-03-06
873561,563,2021-03-06 14:25:00,2021-03-06
874508,947,2021-03-06 18:08:00,2021-03-06
874741,233,2021-03-07 12:20:00,2021-03-07
875065,324,2021-03-07 12:58:00,2021-03-07
875471,406,2021-03-07 14:45:00,2021-03-07
876087,616,2021-03-07 18:15:00,2021-03-07
876501,414,2021-03-08 10:19:00,2021-03-08
877744,1243,2021-03-08 18:17:00,2021-03-08
878125,381,2021-03-09 09:23:00,2021-03-09
878883,758,2021-03-09 13:39:00,2021-03-09
879898,1015,2021-03-09 16:30:00,2021-03-09
881348,1450,2021-03-09 18:20:00,2021-03-09
882973,1625,2021-03-09 20:00:00,2021-03-09
882994,21,2021-03-10 06:59:00,2021-03-10
883316,322,2021-03-10 09:01:00,2021-03-10
885056,1740,2021-03-10 20:08:00,2021-03-10
886326,1270,2021-03-11 17:35:00,2021-03-11
887610,1284,2021-03-11 17:40:00,2021-03-11
888956,1346,2021-03-11 17:53:00,2021-03-11
890357,1401,2021-03-11 18:05:00,2021-03-11
891774,1417,2021-03-11 18:10:00,2021-03-11
893298,1524,2021-03-11 18:50:00,2021-03-11
893473,175,2021-03-12 08:27:00,2021-03-12
894116,643,2021-03-12 12:46:00,2021-03-12
894880,764,2021-03-12 14:01:00,2021-03-12
895668,788,2021-03-12 14:13:00,2021-03-12
896650,982,2021-03-12 16:16:00,2021-03-12
897768,1118,2021-03-12 17:05:00,2021-03-12
898919,1151,2021-03-12 17:14:00,2021-03-12
900153,1234,2021-03-12 17:33:00,2021-03-12
901536,1383,2021-03-12 18:12:00,2021-03-12
903036,1500,2021-03-12 19:00:00,2021-03-12
903197,161,2021-03-13 09:59:00,2021-03-13
903384,187,2021-03-13 10:28:00,2021-03-13
903588,204,2021-03-13 10:38:00,2021-03-13
904407,819,2021-03-13 17:40:00,2021-03-13
905276,869,2021-03-13 17:58:00,2021-03-13
905628,352,2021-03-14 14:20:00,2021-03-14
906675,1047,2021-03-15 17:33:00,2021-03-15
907841,1166,2021-03-15 18:04:00,2021-03-15
908551,710,2021-03-16 12:27:00,2021-03-16
909420,869,2021-03-16 14:02:00,2021-03-16
910300,880,2021-03-16 14:10:00,2021-03-16
911188,888,2021-03-16 14:13:00,2021-03-16
912639,1451,2021-03-16 17:58:00,2021-03-16
914186,1547,2021-03-16 18:28:00,2021-03-16
914653,467,2021-03-17 09:50:00,2021-03-17
915593,940,2021-03-17 14:00:00,2021-03-17
916605,1012,2021-03-17 14:40:00,2021-03-17
918156,1551,2021-03-17 18:22:00,2021-03-17
919911,1755,2021-03-17 20:37:00,2021-03-17
920465,554,2021-03-18 11:14:00,2021-03-18
921082,617,2021-03-18 12:03:00,2021-03-18
921771,689,2021-03-18 12:40:00,2021-03-18
922582,811,2021-03-18 13:50:00,2021-03-18
923972,1390,2021-03-18 18:05:00,2021-03-18
925551,1579,2021-03-18 20:04:00,2021-03-18
925768,217,2021-03-19 08:26:00,2021-03-19
925878,110,2021-03-20 09:48:00,2021-03-20
926054,176,2021-03-20 10:44:00,2021-03-20
926900,846,2021-03-21 23:39:00,2021-03-21
927942,1042,2021-03-22 16:45:00,2021-03-22
929164,1222,2021-03-22 17:44:00,2021-03-22
930700,1536,2021-03-22 19:38:00,2021-03-22
930971,271,2021-03-23 08:29:00,2021-03-23
932458,1487,2021-03-23 18:28:00,2021-03-23
934094,1636,2021-03-23 19:07:00,2021-03-23
934123,29,2021-03-24 07:19:00,2021-03-24
934185,62,2021-03-24 07:40:00,2021-03-24
934284,99,2021-03-24 07:50:00,2021-03-24
934411,127,2021-03-24 08:00:00,2021-03-24
