Cumul,Today,DateTime
109.0,109.0,2020-03-12 11:05:00
550.0,441.0,2020-03-12 14:30:00
935.0,385.0,2020-03-13 10:02:00
1704.0,769.0,2020-03-13 14:15:00
2990.0,1286.0,2020-03-13 18:21:00
4288.0,1298.0,2020-03-13 18:25:00
4930.0,642.0,2020-03-14 16:26:43
4980.0,50.0,2020-03-15 09:05:50
5050.0,70.0,2020-03-15 09:53:00
5175.0,125.0,2020-03-15 11:25:00
5443.0,268.0,2020-03-15 14:25:00
5826.0,383.0,2020-03-15 15:37:00
6392.0,566.0,2020-03-15 20:30:00
6406.0,14.0,2020-03-16 06:57:00
6480.0,74.0,2020-03-16 08:12:00
6573.0,93.0,2020-03-16 08:24:00
6838.0,265.0,2020-03-16 11:19:00
7503.0,665.0,2020-03-16 17:42:00
8208.0,705.0,2020-03-16 18:12:00
8961.0,753.0,2020-03-16 18:53:00
9836.0,875.0,2020-03-16 21:14:00
10763.0,927.0,2020-03-16 22:15:00
10803.0,40.0,2020-03-17 08:00:00
10883.0,80.0,2020-03-17 08:39:00
10983.0,100.0,2020-03-17 08:51:00
11170.0,187.0,2020-03-17 10:50:00
11370.0,200.0,2020-03-17 11:02:00
11590.0,220.0,2020-03-17 11:18:00
11847.0,257.0,2020-03-17 11:41:00
12137.0,290.0,2020-03-17 12:10:00
12509.0,372.0,2020-03-17 15:28:00
13019.0,510.0,2020-03-17 19:22:00
13045.0,26.0,2020-03-18 08:01:00
13186.0,141.0,2020-03-18 12:12:00
13650.0,464.0,2020-03-18 19:30:00
14126.0,476.0,2020-03-18 19:52:00
14616.0,490.0,2020-03-18 20:07:00
15216.0,600.0,2020-03-18 22:00:00
15228.0,12.0,2020-03-19 07:33:00
15412.0,184.0,2020-03-19 13:32:00
15808.0,396.0,2020-03-19 19:05:00
16213.0,405.0,2020-03-19 19:16:00
16629.0,416.0,2020-03-19 19:34:00
16652.0,23.0,2020-03-20 08:03:00
16837.0,185.0,2020-03-20 15:18:00
17124.0,287.0,2020-03-20 18:41:00
17424.0,300.0,2020-03-20 19:04:00
17502.0,78.0,2020-03-21 12:00:00
17732.0,230.0,2020-03-21 20:04:00
17753.0,21.0,2020-03-22 10:18:00
17837.0,84.0,2020-03-22 15:34:00
17973.0,136.0,2020-03-22 18:46:00
18018.0,45.0,2020-03-23 08:14:00
18194.0,176.0,2020-03-23 14:55:00
18386.0,192.0,2020-03-23 15:49:00
18619.0,233.0,2020-03-23 17:36:00
18925.0,306.0,2020-03-23 19:42:00
18945.0,20.0,2020-03-24 07:47:00
19003.0,58.0,2020-03-24 09:11:00
19186.0,183.0,2020-03-24 17:07:00
19398.0,212.0,2020-03-24 18:15:00
19639.0,241.0,2020-03-24 19:05:00
19677.0,38.0,2020-03-25 08:27:00
19877.0,200.0,2020-03-25 16:41:00
20123.0,246.0,2020-03-25 18:17:00
20381.0,258.0,2020-03-25 18:34:00
20645.0,264.0,2020-03-25 18:52:00
20932.0,287.0,2020-03-25 19:33:00
20948.0,16.0,2020-03-26 07:59:00
21124.0,176.0,2020-03-26 16:39:00
21395.0,271.0,2020-03-26 19:08:00
21673.0,278.0,2020-03-26 19:22:00
21970.0,297.0,2020-03-26 20:01:00
22274.0,304.0,2020-03-26 20:12:00
22318.0,44.0,2020-03-27 08:43:00
22530.0,212.0,2020-03-27 16:46:00
22756.0,226.0,2020-03-27 17:06:00
22995.0,239.0,2020-03-27 17:31:00
23236.0,241.0,2020-03-27 17:35:00
23484.0,248.0,2020-03-27 17:41:00
23741.0,257.0,2020-03-27 17:57:00
24006.0,265.0,2020-03-27 18:12:00
24330.0,324.0,2020-03-27 19:36:00
24343.0,13.0,2020-03-28 08:42:00
24452.0,109.0,2020-03-28 13:43:00
24617.0,165.0,2020-03-28 16:52:00
24833.0,216.0,2020-03-28 19:12:00
25051.0,218.0,2020-03-28 19:16:00
25282.0,231.0,2020-03-28 19:50:00
25355.0,73.0,2020-03-29 15:41:00
25502.0,147.0,2020-03-29 20:12:00
25535.0,33.0,2020-03-30 08:25:00
25666.0,131.0,2020-03-30 13:47:00
25847.0,181.0,2020-03-30 15:47:00
26110.0,263.0,2020-03-30 18:18:00
26157.0,47.0,2020-03-31 08:41:00
26236.0,79.0,2020-03-31 10:34:00
26507.0,271.0,2020-03-31 19:07:00
26789.0,282.0,2020-03-31 19:24:00
27026.0,237.0,2020-04-01 18:10:00
27295.0,269.0,2020-04-01 19:04:00
27339.0,44.0,2020-04-02 08:40:00
27459.0,120.0,2020-04-02 12:34:00
27604.0,145.0,2020-04-02 13:58:00
27767.0,163.0,2020-04-02 14:50:00
27979.0,212.0,2020-04-02 16:00:00
28279.0,300.0,2020-04-02 18:57:00
28592.0,313.0,2020-04-02 19:14:00
28672.0,80.0,2020-04-03 09:44:00
28921.0,249.0,2020-04-03 17:27:00
29284.0,363.0,2020-04-03 19:53:00
29362.0,78.0,2020-04-04 11:55:00
29488.0,126.0,2020-04-04 14:26:00
29729.0,241.0,2020-04-04 18:51:00
30002.0,273.0,2020-04-04 19:37:00
30032.0,30.0,2020-04-05 10:53:00
30097.0,65.0,2020-04-05 12:59:00
30212.0,115.0,2020-04-05 17:29:00
30415.0,203.0,2020-04-05 22:06:00
30422.0,7.0,2020-04-06 06:28:00
30450.0,28.0,2020-04-06 08:11:00
30544.0,94.0,2020-04-06 11:27:00
30817.0,273.0,2020-04-06 17:58:00
31131.0,314.0,2020-04-06 19:10:00
31161.0,30.0,2020-04-07 08:15:00
31281.0,120.0,2020-04-07 11:57:00
31423.0,142.0,2020-04-07 12:46:00
31576.0,153.0,2020-04-07 13:23:00
31871.0,295.0,2020-04-07 18:19:00
31906.0,35.0,2020-04-08 08:18:00
32040.0,134.0,2020-04-08 12:29:00
32211.0,171.0,2020-04-08 13:54:00
32460.0,249.0,2020-04-08 17:31:00
32748.0,288.0,2020-04-08 18:26:00
33129.0,381.0,2020-04-08 20:49:00
33167.0,38.0,2020-04-09 08:23:00
33265.0,98.0,2020-04-09 11:33:00
33540.0,275.0,2020-04-09 17:55:00
33867.0,327.0,2020-04-09 18:58:00
34212.0,345.0,2020-04-09 19:20:00
34520.0,308.0,2020-04-10 18:07:00
34548.0,28.0,2020-04-11 09:50:00
34608.0,60.0,2020-04-11 11:28:00
34766.0,158.0,2020-04-11 16:30:00
34987.0,221.0,2020-04-11 18:27:00
35262.0,275.0,2020-04-11 20:28:00
35295.0,33.0,2020-04-12 10:11:00
35372.0,77.0,2020-04-12 12:28:00
35453.0,81.0,2020-04-12 12:42:00
35620.0,167.0,2020-04-12 18:10:00
35687.0,67.0,2020-04-13 12:28:00
35826.0,139.0,2020-04-13 18:16:00
35837.0,11.0,2020-04-14 07:39:00
35919.0,82.0,2020-04-14 10:27:00
36017.0,98.0,2020-04-14 11:16:00
36390.0,373.0,2020-04-14 19:53:00
36766.0,376.0,2020-04-14 19:58:00
36925.0,159.0,2020-04-15 13:24:00
37238.0,313.0,2020-04-15 18:42:00
37582.0,344.0,2020-04-15 19:25:00
37957.0,375.0,2020-04-15 20:07:00
38001.0,44.0,2020-04-16 08:26:00
38133.0,132.0,2020-04-16 11:32:00
38335.0,202.0,2020-04-16 14:21:00
38751.0,416.0,2020-04-16 20:57:00
38832.0,81.0,2020-04-17 09:35:00
38915.0,83.0,2020-04-17 09:41:00
39131.0,216.0,2020-04-17 14:49:00
39488.0,357.0,2020-04-17 19:04:00
39907.0,419.0,2020-04-17 20:36:00
39930.0,23.0,2020-04-18 09:17:00
39997.0,67.0,2020-04-18 11:22:00
40108.0,111.0,2020-04-18 12:50:00
40432.0,324.0,2020-04-18 20:52:00
40764.0,332.0,2020-04-18 21:22:00
40788.0,24.0,2020-04-19 10:45:00
40815.0,27.0,2020-04-19 11:10:00
40957.0,142.0,2020-04-19 20:13:00
41030.0,73.0,2020-04-20 12:24:00
41140.0,110.0,2020-04-20 14:41:00
41267.0,127.0,2020-04-20 16:21:00
41396.0,129.0,2020-04-20 16:41:00
41560.0,164.0,2020-04-20 18:27:00
41739.0,179.0,2020-04-20 19:28:00
41745.0,6.0,2020-04-21 07:29:00
41810.0,65.0,2020-04-21 12:43:00
41936.0,126.0,2020-04-21 18:30:00
42112.0,176.0,2020-04-21 20:30:00
42210.0,98.0,2020-04-22 13:48:00
42323.0,113.0,2020-04-22 14:20:00
42462.0,139.0,2020-04-22 15:19:00
42695.0,233.0,2020-04-22 18:29:00
42984.0,289.0,2020-04-22 20:56:00
43276.0,292.0,2020-04-22 21:24:00
43312.0,36.0,2020-04-23 08:30:00
43413.0,101.0,2020-04-23 11:41:00
43515.0,102.0,2020-04-23 11:42:00
43940.0,425.0,2020-04-23 19:47:00
44111.0,171.0,2020-04-24 12:58:00
44317.0,206.0,2020-04-24 14:04:00
44770.0,453.0,2020-04-24 20:00:00
45240.0,470.0,2020-04-24 20:33:00
45277.0,37.0,2020-04-25 09:48:00
45390.0,113.0,2020-04-25 12:46:00
45511.0,121.0,2020-04-25 12:49:00
45672.0,161.0,2020-04-25 14:30:00
45998.0,326.0,2020-04-25 19:39:00
46361.0,363.0,2020-04-25 20:32:00
46729.0,368.0,2020-04-25 20:42:00
47112.0,383.0,2020-04-25 21:23:00
47162.0,50.0,2020-04-26 11:00:00
47258.0,96.0,2020-04-26 13:07:00
47379.0,121.0,2020-04-26 13:56:00
47542.0,163.0,2020-04-26 15:43:00
47870.0,328.0,2020-04-26 21:06:00
47878.0,8.0,2020-04-27 06:31:00
47989.0,111.0,2020-04-27 11:53:00
48119.0,130.0,2020-04-27 12:54:00
48455.0,336.0,2020-04-27 18:57:00
48536.0,81.0,2020-04-28 10:48:00
48880.0,344.0,2020-04-28 18:34:00
49319.0,439.0,2020-04-28 21:28:00
49441.0,122.0,2020-04-29 11:17:00
49937.0,496.0,2020-04-29 20:09:00
49993.0,56.0,2020-04-30 08:40:00
50119.0,126.0,2020-04-30 11:29:00
50304.0,185.0,2020-04-30 13:30:00
50559.0,255.0,2020-04-30 15:45:00
50830.0,271.0,2020-04-30 16:13:00
51186.0,356.0,2020-04-30 18:17:00
51582.0,396.0,2020-04-30 19:10:00
52031.0,449.0,2020-04-30 20:19:00
52032.0,1.0,2020-05-01 05:06:00
52039.0,7.0,2020-05-01 06:42:00
52052.0,13.0,2020-05-01 07:40:00
52211.0,159.0,2020-05-01 14:30:00
52250.0,39.0,2020-05-02 09:31:00
52451.0,201.0,2020-05-02 13:54:00
52961.0,510.0,2020-05-02 21:54:00
53043.0,82.0,2020-05-03 11:19:00
53261.0,218.0,2020-05-03 16:18:00
53612.0,351.0,2020-05-03 19:32:00
53739.0,127.0,2020-05-04 09:56:00
53968.0,229.0,2020-05-04 13:33:00
54453.0,485.0,2020-05-04 19:20:00
54476.0,23.0,2020-05-05 07:27:00
54609.0,133.0,2020-05-05 09:55:00
54873.0,264.0,2020-05-05 13:48:00
55149.0,276.0,2020-05-05 14:09:00
55623.0,474.0,2020-05-05 17:59:00
55681.0,58.0,2020-05-06 08:26:00
55850.0,169.0,2020-05-06 11:28:00
56456.0,606.0,2020-05-06 19:52:00
56922.0,466.0,2020-05-07 18:16:00
56963.0,41.0,2020-05-08 09:24:00
57014.0,51.0,2020-05-08 09:44:00
57132.0,118.0,2020-05-08 12:32:00
57546.0,414.0,2020-05-08 19:48:00
58034.0,488.0,2020-05-08 22:25:00
58200.0,166.0,2020-05-09 11:59:00
58586.0,386.0,2020-05-09 18:44:00
58616.0,30.0,2020-05-10 08:14:00
58663.0,47.0,2020-05-10 10:12:00
58743.0,80.0,2020-05-10 15:20:00
58842.0,99.0,2020-05-10 18:58:00
58955.0,113.0,2020-05-10 20:03:00
58964.0,9.0,2020-05-11 06:36:00
59073.0,109.0,2020-05-11 10:28:00
59191.0,118.0,2020-05-11 10:55:00
59354.0,163.0,2020-05-11 13:22:00
59523.0,169.0,2020-05-11 13:51:00
59910.0,387.0,2020-05-11 19:25:00
60330.0,420.0,2020-05-11 20:04:00
60781.0,451.0,2020-05-11 20:57:00
61234.0,453.0,2020-05-11 21:08:00
61330.0,96.0,2020-05-12 08:37:00
61543.0,213.0,2020-05-12 11:07:00
62431.0,888.0,2020-05-12 19:09:00
63407.0,976.0,2020-05-12 20:00:00
64407.0,1000.0,2020-05-12 20:32:00
65426.0,1019.0,2020-05-12 21:09:00
66470.0,1044.0,2020-05-12 21:56:00
66479.0,9.0,2020-05-13 05:04:00
66499.0,20.0,2020-05-13 05:25:00
66701.0,202.0,2020-05-13 11:02:00
66960.0,259.0,2020-05-13 12:08:00
67476.0,516.0,2020-05-13 16:49:00
68076.0,600.0,2020-05-13 18:02:00
68698.0,622.0,2020-05-13 18:18:00
69360.0,662.0,2020-05-13 18:46:00
70068.0,708.0,2020-05-13 19:20:00
70814.0,746.0,2020-05-13 20:02:00
70953.0,139.0,2020-05-14 09:14:00
71388.0,435.0,2020-05-14 14:29:00
72144.0,756.0,2020-05-14 18:36:00
72920.0,776.0,2020-05-14 19:07:00
73712.0,792.0,2020-05-14 19:20:00
74057.0,345.0,2020-05-15 13:05:00
74653.0,596.0,2020-05-15 16:51:00
75567.0,914.0,2020-05-15 19:29:00
76631.0,1064.0,2020-05-15 21:58:00
76753.0,122.0,2020-05-16 10:30:00
77061.0,308.0,2020-05-16 13:11:00
77563.0,502.0,2020-05-16 16:20:00
78411.0,848.0,2020-05-16 23:46:00
78435.0,24.0,2020-05-17 06:31:00
78747.0,312.0,2020-05-17 13:30:00
79372.0,625.0,2020-05-17 17:35:00
80280.0,908.0,2020-05-17 21:18:00
81211.0,931.0,2020-05-17 22:01:00
81219.0,8.0,2020-05-18 06:31:00
81540.0,321.0,2020-05-18 11:54:00
81904.0,364.0,2020-05-18 12:44:00
82671.0,767.0,2020-05-18 17:58:00
83475.0,804.0,2020-05-18 18:17:00
84450.0,975.0,2020-05-18 19:48:00
85451.0,1001.0,2020-05-18 20:13:00
86541.0,1090.0,2020-05-18 22:29:00
86548.0,7.0,2020-05-19 04:54:00
86556.0,8.0,2020-05-19 04:58:00
86794.0,238.0,2020-05-19 09:25:00
87256.0,462.0,2020-05-19 12:50:00
88277.0,1021.0,2020-05-19 18:31:00
89442.0,1165.0,2020-05-19 19:46:00
90745.0,1303.0,2020-05-19 22:08:00
90756.0,11.0,2020-05-20 06:25:00
91935.0,1179.0,2020-05-20 21:40:00
93169.0,1234.0,2020-05-20 23:25:00
93191.0,22.0,2020-05-21 06:36:00
93394.0,203.0,2020-05-21 11:13:00
94182.0,788.0,2020-05-21 19:55:00
94990.0,808.0,2020-05-21 20:11:00
95032.0,42.0,2020-05-22 07:40:00
95939.0,907.0,2020-05-22 20:02:00
95965.0,26.0,2020-05-23 06:54:00
96261.0,296.0,2020-05-23 12:34:00
96879.0,618.0,2020-05-23 18:01:00
97582.0,703.0,2020-05-23 19:10:00
98337.0,755.0,2020-05-23 19:56:00
98360.0,23.0,2020-05-24 06:40:00
98396.0,36.0,2020-05-24 08:24:00
98612.0,216.0,2020-05-24 12:04:00
99296.0,684.0,2020-05-24 21:47:00
99313.0,17.0,2020-05-25 06:28:00
99717.0,404.0,2020-05-25 12:56:00
100170.0,453.0,2020-05-25 13:30:00
101116.0,946.0,2020-05-25 18:56:00
102223.0,1107.0,2020-05-25 21:09:00
102237.0,14.0,2020-05-26 05:55:00
103142.0,905.0,2020-05-26 17:53:00
104430.0,1288.0,2020-05-26 21:57:00
104808.0,378.0,2020-05-27 12:10:00
105389.0,581.0,2020-05-27 12:30:00
106608.0,1219.0,2020-05-27 21:04:00
106648.0,40.0,2020-05-28 07:22:00
106793.0,145.0,2020-05-28 08:32:00
107035.0,242.0,2020-05-28 09:16:00
107646.0,611.0,2020-05-28 14:39:00
108414.0,768.0,2020-05-28 16:35:00
109733.0,1319.0,2020-05-28 20:32:00
111087.0,1354.0,2020-05-28 20:54:00
112575.0,1488.0,2020-05-28 23:56:00
113470.0,895.0,2020-05-29 17:01:00
114653.0,1183.0,2020-05-29 19:33:00
114881.0,228.0,2020-05-30 10:57:00
115162.0,281.0,2020-05-30 11:42:00
115722.0,560.0,2020-05-30 15:45:00
116376.0,654.0,2020-05-30 16:47:00
117096.0,720.0,2020-05-30 17:35:00
117818.0,722.0,2020-05-30 17:39:00
118631.0,813.0,2020-05-30 18:41:00
118919.0,288.0,2020-05-31 12:18:00
119474.0,555.0,2020-05-31 17:43:00
120248.0,774.0,2020-05-31 21:09:00
120292.0,44.0,2020-06-01 07:05:00
120352.0,60.0,2020-06-01 08:16:00
120586.0,234.0,2020-06-01 12:35:00
120853.0,267.0,2020-06-01 13:34:00
121386.0,533.0,2020-06-02 12:55:00
121925.0,539.0,2020-06-02 13:01:00
123062.0,1137.0,2020-06-02 18:26:00
124327.0,1265.0,2020-06-02 19:13:00
125666.0,1339.0,2020-06-02 19:44:00
127223.0,1557.0,2020-06-02 22:45:00
127317.0,94.0,2020-06-03 06:56:00
127681.0,364.0,2020-06-03 10:02:00
129081.0,1400.0,2020-06-03 20:24:00
130529.0,1448.0,2020-06-03 21:23:00
130819.0,290.0,2020-06-04 12:02:00
131309.0,490.0,2020-06-04 15:09:00
132153.0,844.0,2020-06-04 18:37:00
133026.0,873.0,2020-06-04 18:57:00
133826.0,800.0,2020-06-05 16:35:00
135026.0,1200.0,2020-06-05 19:37:00
135148.0,122.0,2020-06-06 07:16:00
135594.0,446.0,2020-06-06 13:14:00
136206.0,612.0,2020-06-06 15:43:00
136922.0,716.0,2020-06-06 16:49:00
136964.0,42.0,2020-06-07 07:33:00
137286.0,322.0,2020-06-07 16:08:00
137740.0,454.0,2020-06-07 18:23:00
138602.0,862.0,2020-06-08 16:20:00
139617.0,1015.0,2020-06-08 17:37:00
140841.0,1224.0,2020-06-08 19:03:00
142120.0,1279.0,2020-06-08 19:24:00
143420.0,1300.0,2020-06-08 19:38:00
144754.0,1334.0,2020-06-08 19:57:00
144805.0,51.0,2020-06-09 05:25:00
144866.0,61.0,2020-06-09 06:40:00
145281.0,415.0,2020-06-09 10:47:00
146049.0,768.0,2020-06-09 15:43:00
146970.0,921.0,2020-06-09 17:10:00
147928.0,958.0,2020-06-09 17:26:00
148928.0,1000.0,2020-06-09 17:36:00
148972.0,44.0,2020-06-10 06:49:00
149092.0,120.0,2020-06-10 08:05:00
149509.0,417.0,2020-06-10 11:22:00
150897.0,1388.0,2020-06-10 20:26:00
152338.0,1441.0,2020-06-10 21:02:00
153835.0,1497.0,2020-06-10 22:12:00
155404.0,1569.0,2020-06-10 23:53:00
155513.0,109.0,2020-06-11 07:45:00
156648.0,1135.0,2020-06-11 18:20:00
157952.0,1304.0,2020-06-11 19:40:00
158224.0,272.0,2020-06-12 13:29:00
158505.0,281.0,2020-06-12 13:45:00
158901.0,396.0,2020-06-12 16:11:00
159396.0,495.0,2020-06-12 17:48:00
159559.0,163.0,2020-06-13 10:32:00
159766.0,207.0,2020-06-13 11:30:00
160422.0,656.0,2020-06-13 18:40:00
161090.0,668.0,2020-06-13 18:48:00
161201.0,111.0,2020-06-14 06:08:00
161366.0,165.0,2020-06-14 09:15:00
161717.0,351.0,2020-06-14 12:08:00
162193.0,476.0,2020-06-14 14:16:00
162671.0,478.0,2020-06-14 14:17:00
162715.0,44.0,2020-06-15 06:51:00
164111.0,1396.0,2020-06-15 20:35:00
165555.0,1444.0,2020-06-15 21:08:00
167058.0,1503.0,2020-06-15 21:41:00
168593.0,1535.0,2020-06-15 22:20:00
170225.0,1632.0,2020-06-15 23:59:00
170225.0,0.0,2020-06-16 00:01:00
170667.0,442.0,2020-06-16 10:11:00
171704.0,1037.0,2020-06-16 15:39:00
173065.0,1361.0,2020-06-16 18:09:00
174564.0,1499.0,2020-06-16 19:00:00
176128.0,1564.0,2020-06-16 19:25:00
177728.0,1600.0,2020-06-16 19:36:00
179528.0,1800.0,2020-06-16 21:53:00
181358.0,1830.0,2020-06-16 22:29:00
183227.0,1869.0,2020-06-16 23:24:00
185125.0,1898.0,2020-06-16 23:59:00
185297.0,172.0,2020-06-17 08:07:00
185740.0,443.0,2020-06-17 10:19:00
186378.0,638.0,2020-06-17 12:32:00
187415.0,1037.0,2020-06-17 16:55:00
188691.0,1276.0,2020-06-17 18:24:00
190051.0,1360.0,2020-06-17 18:45:00
191473.0,1422.0,2020-06-17 19:04:00
192995.0,1522.0,2020-06-17 19:50:00
194683.0,1688.0,2020-06-17 22:11:00
194749.0,66.0,2020-06-18 06:24:00
194843.0,94.0,2020-06-18 07:05:00
195363.0,520.0,2020-06-18 11:13:00
196249.0,886.0,2020-06-18 15:26:00
197515.0,1266.0,2020-06-18 18:22:00
198925.0,1410.0,2020-06-18 19:20:00
200477.0,1552.0,2020-06-18 20:26:00
202062.0,1585.0,2020-06-18 20:41:00
202677.0,615.0,2020-06-19 13:01:00
203622.0,945.0,2020-06-19 16:33:00
204780.0,1158.0,2020-06-19 18:19:00
205965.0,1185.0,2020-06-19 18:33:00
207183.0,1218.0,2020-06-19 18:45:00
207411.0,228.0,2020-06-20 10:37:00
207650.0,239.0,2020-06-20 10:50:00
208481.0,831.0,2020-06-20 19:45:00
208603.0,122.0,2020-06-21 08:20:00
209017.0,414.0,2020-06-21 14:55:00
209489.0,472.0,2020-06-21 16:17:00
210304.0,815.0,2020-06-21 22:29:00
210410.0,106.0,2020-06-22 07:34:00
210868.0,458.0,2020-06-22 10:30:00
211432.0,564.0,2020-06-22 12:00:00
212039.0,607.0,2020-06-22 12:30:00
213216.0,1177.0,2020-06-22 18:22:00
214517.0,1301.0,2020-06-22 19:06:00
216023.0,1506.0,2020-06-22 21:02:00
216061.0,38.0,2020-06-23 04:58:00
216269.0,208.0,2020-06-23 08:23:00
217617.0,1348.0,2020-06-23 18:44:00
217659.0,42.0,2020-06-24 02:54:00
217965.0,306.0,2020-06-24 09:00:00
218430.0,465.0,2020-06-24 10:46:00
219758.0,1328.0,2020-06-24 19:27:00
221236.0,1478.0,2020-06-24 21:02:00
222762.0,1526.0,2020-06-24 21:41:00
224320.0,1558.0,2020-06-24 22:09:00
225178.0,858.0,2020-06-25 15:02:00
226740.0,1562.0,2020-06-25 20:06:00
228353.0,1613.0,2020-06-25 20:40:00
229986.0,1633.0,2020-06-25 20:50:00
231733.0,1747.0,2020-06-25 22:38:00
232180.0,447.0,2020-06-26 09:53:00
232642.0,462.0,2020-06-26 10:05:00
233243.0,601.0,2020-06-26 12:08:00
234492.0,1249.0,2020-06-26 18:12:00
235790.0,1298.0,2020-06-26 18:34:00
237362.0,1572.0,2020-06-26 21:00:00
239040.0,1678.0,2020-06-26 22:40:00
240773.0,1733.0,2020-06-26 23:29:00
240790.0,17.0,2020-06-27 00:41:00
241121.0,331.0,2020-06-27 12:02:00
241781.0,660.0,2020-06-27 17:03:00
242608.0,827.0,2020-06-27 19:04:00
243688.0,1080.0,2020-06-27 23:44:00
243689.0,1.0,2020-06-28 00:00:00
244151.0,462.0,2020-06-28 14:43:00
244768.0,617.0,2020-06-28 17:42:00
245486.0,718.0,2020-06-28 19:07:00
245588.0,102.0,2020-06-29 07:40:00
245911.0,323.0,2020-06-29 09:03:00
246419.0,508.0,2020-06-29 11:57:00
247590.0,1171.0,2020-06-29 18:35:00
248811.0,1221.0,2020-06-29 18:52:00
250318.0,1507.0,2020-06-29 22:02:00
250762.0,444.0,2020-06-30 09:21:00
251454.0,692.0,2020-06-30 12:06:00
252154.0,700.0,2020-06-30 12:09:00
252894.0,740.0,2020-06-30 12:30:00
254371.0,1477.0,2020-06-30 18:47:00
255871.0,1500.0,2020-06-30 18:55:00
257393.0,1522.0,2020-06-30 19:03:00
259180.0,1787.0,2020-06-30 21:35:00
260981.0,1801.0,2020-06-30 21:53:00
262785.0,1804.0,2020-06-30 22:02:00
262880.0,95.0,2020-07-01 06:34:00
262982.0,102.0,2020-07-01 07:00:00
263932.0,950.0,2020-07-01 16:20:00
265072.0,1140.0,2020-07-01 17:45:00
266285.0,1213.0,2020-07-01 18:02:00
267517.0,1232.0,2020-07-01 18:09:00
268757.0,1240.0,2020-07-01 18:13:00
270097.0,1340.0,2020-07-01 18:47:00
271737.0,1640.0,2020-07-01 22:13:00
273437.0,1700.0,2020-07-01 23:21:00
273508.0,71.0,2020-07-02 06:30:00
273601.0,93.0,2020-07-02 07:15:00
273955.0,354.0,2020-07-02 09:00:00
274359.0,404.0,2020-07-02 09:21:00
275153.0,794.0,2020-07-02 14:07:00
275973.0,820.0,2020-07-02 14:30:00
277042.0,1069.0,2020-07-02 17:04:00
278744.0,1702.0,2020-07-02 21:33:00
280525.0,1781.0,2020-07-02 23:03:00
282323.0,1798.0,2020-07-02 23:10:00
284133.0,1810.0,2020-07-02 23:15:00
285955.0,1822.0,2020-07-02 23:31:00
285999.0,44.0,2020-07-03 01:52:00
286201.0,202.0,2020-07-03 08:21:00
286537.0,336.0,2020-07-03 09:08:00
286892.0,355.0,2020-07-03 09:17:00
287441.0,549.0,2020-07-03 11:42:00
288061.0,620.0,2020-07-03 12:22:00
288820.0,759.0,2020-07-03 13:56:00
289587.0,767.0,2020-07-03 14:01:00
290463.0,876.0,2020-07-03 15:21:00
291714.0,1251.0,2020-07-03 18:21:00
293056.0,1342.0,2020-07-03 18:55:00
294529.0,1473.0,2020-07-03 19:52:00
296094.0,1565.0,2020-07-03 20:54:00
297676.0,1582.0,2020-07-03 21:16:00
299284.0,1608.0,2020-07-03 21:34:00
300988.0,1704.0,2020-07-03 23:53:00
301063.0,75.0,2020-07-04 06:09:00
301225.0,162.0,2020-07-04 09:30:00
301503.0,278.0,2020-07-04 11:09:00
301828.0,325.0,2020-07-04 11:54:00
302222.0,394.0,2020-07-04 13:01:00
302637.0,415.0,2020-07-04 13:15:00
303101.0,464.0,2020-07-04 14:00:00
303723.0,622.0,2020-07-04 17:12:00
303771.0,48.0,2020-07-05 02:24:00
303862.0,91.0,2020-07-05 07:28:00
303956.0,94.0,2020-07-05 07:45:00
304106.0,150.0,2020-07-05 09:41:00
304403.0,297.0,2020-07-05 13:04:00
304828.0,425.0,2020-07-05 16:58:00
305304.0,476.0,2020-07-05 18:04:00
305825.0,521.0,2020-07-05 18:45:00
306414.0,589.0,2020-07-05 19:57:00
306512.0,98.0,2020-07-06 06:09:00
306626.0,114.0,2020-07-06 06:44:00
306803.0,177.0,2020-07-06 07:56:00
307021.0,218.0,2020-07-06 08:14:00
307580.0,559.0,2020-07-06 11:45:00
308365.0,785.0,2020-07-06 15:25:00
309160.0,795.0,2020-07-06 15:30:00
310015.0,855.0,2020-07-06 16:27:00
310891.0,876.0,2020-07-06 16:39:00
311797.0,906.0,2020-07-06 16:58:00
312911.0,1114.0,2020-07-06 18:12:00
314108.0,1197.0,2020-07-06 18:45:00
315333.0,1225.0,2020-07-06 18:53:00
316609.0,1276.0,2020-07-06 19:11:00
316674.0,65.0,2020-07-07 06:18:00
316988.0,314.0,2020-07-07 08:46:00
317888.0,900.0,2020-07-07 15:52:00
319375.0,1487.0,2020-07-07 19:41:00
319613.0,238.0,2020-07-08 08:16:00
320080.0,467.0,2020-07-08 09:33:00
321434.0,1354.0,2020-07-08 18:53:00
323082.0,1648.0,2020-07-08 21:46:00
323083.0,1.0,2020-07-09 00:06:00
323272.0,189.0,2020-07-09 08:15:00
323543.0,271.0,2020-07-09 08:35:00
324066.0,523.0,2020-07-09 11:12:00
324960.0,894.0,2020-07-09 16:30:00
325795.0,835.0,2020-07-10 16:21:00
327148.0,1353.0,2020-07-10 20:40:00
328536.0,1388.0,2020-07-10 21:10:00
329989.0,1453.0,2020-07-10 22:13:00
330048.0,59.0,2020-07-11 05:32:00
330300.0,252.0,2020-07-11 11:36:00
330573.0,273.0,2020-07-11 11:57:00
331086.0,513.0,2020-07-11 17:09:00
331300.0,214.0,2020-07-12 11:02:00
331867.0,567.0,2020-07-12 20:19:00
332471.0,604.0,2020-07-12 21:01:00
332604.0,133.0,2020-07-13 08:24:00
333247.0,643.0,2020-07-13 17:07:00
333979.0,732.0,2020-07-13 18:09:00
334259.0,280.0,2020-07-14 12:15:00
334973.0,714.0,2020-07-14 20:18:00
335208.0,235.0,2020-07-15 08:33:00
335596.0,388.0,2020-07-15 10:34:00
336816.0,1220.0,2020-07-15 19:08:00
338161.0,1345.0,2020-07-15 19:45:00
339642.0,1481.0,2020-07-15 21:24:00
339864.0,222.0,2020-07-16 08:32:00
340292.0,428.0,2020-07-16 10:01:00
340825.0,533.0,2020-07-16 11:30:00
341961.0,1136.0,2020-07-16 18:16:00
343429.0,1468.0,2020-07-16 20:44:00
343708.0,279.0,2020-07-17 08:55:00
344854.0,1146.0,2020-07-17 18:28:00
346255.0,1401.0,2020-07-17 21:00:00
346639.0,384.0,2020-07-18 13:10:00
347274.0,635.0,2020-07-18 18:18:00
347967.0,693.0,2020-07-18 18:58:00
348037.0,70.0,2020-07-19 06:45:00
348115.0,78.0,2020-07-19 07:31:00
348497.0,382.0,2020-07-19 15:38:00
348996.0,499.0,2020-07-19 18:29:00
349754.0,758.0,2020-07-19 23:34:00
350223.0,469.0,2020-07-20 12:25:00
350722.0,499.0,2020-07-20 13:03:00
351501.0,779.0,2020-07-20 17:23:00
352801.0,1300.0,2020-07-20 21:49:00
352949.0,148.0,2020-07-21 08:20:00
354235.0,1286.0,2020-07-21 19:21:00
355418.0,1183.0,2020-07-22 19:15:00
355868.0,450.0,2020-07-23 11:32:00
357144.0,1276.0,2020-07-23 23:40:00
357733.0,589.0,2020-07-24 14:40:00
358812.0,1079.0,2020-07-24 19:24:00
358900.0,88.0,2020-07-25 06:28:00
359693.0,793.0,2020-07-25 21:18:00
360071.0,378.0,2020-07-26 16:38:00
360609.0,538.0,2020-07-27 14:24:00
360944.0,335.0,2020-07-28 10:13:00
361373.0,429.0,2020-07-28 11:59:00
361848.0,475.0,2020-07-29 12:01:00
362073.0,225.0,2020-07-30 08:38:00
363104.0,1031.0,2020-07-30 19:34:00
363305.0,201.0,2020-07-31 08:43:00
363719.0,414.0,2020-07-31 11:38:00
364652.0,933.0,2020-07-31 19:01:00
365603.0,951.0,2020-07-31 19:08:00
365627.0,24.0,2020-08-01 00:57:00
365861.0,234.0,2020-08-01 11:48:00
366118.0,257.0,2020-08-01 12:31:00
366509.0,391.0,2020-08-01 17:00:00
366574.0,65.0,2020-08-02 05:51:00
366750.0,176.0,2020-08-03 08:42:00
367810.0,1060.0,2020-08-03 22:37:00
367867.0,57.0,2020-08-04 07:18:00
368631.0,764.0,2020-08-04 18:02:00
369636.0,1005.0,2020-08-04 20:20:00
369806.0,170.0,2020-08-05 08:35:00
369942.0,136.0,2020-08-06 08:37:00
370112.0,170.0,2020-08-07 08:28:00
371136.0,1024.0,2020-08-07 20:25:00
372209.0,1073.0,2020-08-07 21:09:00
373335.0,1126.0,2020-08-07 22:17:00
373786.0,451.0,2020-08-08 16:25:00
373857.0,71.0,2020-08-09 05:42:00
374020.0,163.0,2020-08-09 10:00:00
374292.0,272.0,2020-08-09 12:29:00
374905.0,613.0,2020-08-09 21:33:00
375018.0,113.0,2020-08-10 08:32:00
375442.0,424.0,2020-08-10 14:30:00
375631.0,189.0,2020-08-11 08:51:00
375789.0,158.0,2020-08-12 08:35:00
376262.0,473.0,2020-08-12 14:03:00
376939.0,677.0,2020-08-12 17:20:00
377117.0,178.0,2020-08-13 08:53:00
377379.0,262.0,2020-08-13 10:19:00
377534.0,155.0,2020-08-14 08:23:00
378330.0,796.0,2020-08-14 19:17:00
378581.0,251.0,2020-08-15 12:16:00
378642.0,61.0,2020-08-16 02:07:00
378760.0,118.0,2020-08-17 08:29:00
379418.0,658.0,2020-08-17 17:24:00
380418.0,1000.0,2020-08-17 21:08:00
381468.0,1050.0,2020-08-17 22:33:00
381572.0,104.0,2020-08-18 08:19:00
381903.0,331.0,2020-08-18 11:04:00
382817.0,914.0,2020-08-18 18:39:00
383243.0,426.0,2020-08-19 12:17:00
383315.0,72.0,2020-08-20 07:06:00
383419.0,104.0,2020-08-20 08:00:00
384123.0,704.0,2020-08-20 17:20:00
384153.0,30.0,2020-08-21 01:01:00
385345.0,1192.0,2020-08-21 23:54:00
385831.0,486.0,2020-08-22 18:32:00
385895.0,64.0,2020-08-23 06:33:00
386054.0,159.0,2020-08-23 10:47:00
387346.0,1292.0,2020-08-24 22:18:00
387600.0,254.0,2020-08-25 08:50:00
387975.0,375.0,2020-08-25 09:48:00
388460.0,485.0,2020-08-25 11:20:00
389491.0,1031.0,2020-08-25 18:14:00
390591.0,1100.0,2020-08-25 18:38:00
392021.0,1430.0,2020-08-25 22:48:00
392667.0,646.0,2020-08-26 13:30:00
393631.0,964.0,2020-08-26 17:21:00
394738.0,1107.0,2020-08-26 18:14:00
395102.0,364.0,2020-08-27 09:52:00
395508.0,406.0,2020-08-27 10:20:00
396499.0,991.0,2020-08-27 17:49:00
397698.0,1199.0,2020-08-27 19:13:00
399170.0,1472.0,2020-08-27 23:27:00
399487.0,317.0,2020-08-28 09:38:00
399807.0,320.0,2020-08-29 15:20:00
400341.0,534.0,2020-08-30 17:33:00
401290.0,949.0,2020-08-31 16:30:00
402531.0,1241.0,2020-08-31 18:17:00
404055.0,1524.0,2020-08-31 20:13:00
405670.0,1615.0,2020-08-31 21:47:00
405736.0,66.0,2020-09-01 07:22:00
405814.0,78.0,2020-09-01 07:30:00
406199.0,385.0,2020-09-01 09:03:00
406956.0,757.0,2020-09-01 12:43:00
408250.0,1294.0,2020-09-01 17:26:00
409595.0,1345.0,2020-09-01 17:41:00
411265.0,1670.0,2020-09-01 19:16:00
412971.0,1706.0,2020-09-01 19:25:00
414806.0,1835.0,2020-09-01 20:33:00
414850.0,44.0,2020-09-02 02:44:00
415272.0,422.0,2020-09-02 09:27:00
416255.0,983.0,2020-09-02 15:11:00
417829.0,1574.0,2020-09-02 18:54:00
419644.0,1815.0,2020-09-02 20:39:00
419727.0,83.0,2020-09-03 07:15:00
419877.0,150.0,2020-09-03 07:45:00
420381.0,504.0,2020-09-03 09:27:00
422040.0,1659.0,2020-09-03 18:55:00
423974.0,1934.0,2020-09-03 20:55:00
425950.0,1976.0,2020-09-03 21:33:00
427950.0,2000.0,2020-09-03 22:00:00
430019.0,2069.0,2020-09-03 23:15:00
432104.0,2085.0,2020-09-03 23:33:00
432618.0,514.0,2020-09-04 09:21:00
434196.0,1578.0,2020-09-04 18:43:00
435815.0,1619.0,2020-09-04 19:00:00
437538.0,1723.0,2020-09-04 19:51:00
439453.0,1915.0,2020-09-04 22:11:00
439685.0,232.0,2020-09-05 10:31:00
440152.0,467.0,2020-09-05 13:38:00
441102.0,950.0,2020-09-05 19:30:00
442188.0,1086.0,2020-09-05 21:13:00
442277.0,89.0,2020-09-06 06:31:00
442398.0,121.0,2020-09-06 08:38:00
442680.0,282.0,2020-09-06 11:44:00
442997.0,317.0,2020-09-07 08:31:00
443515.0,518.0,2020-09-07 09:27:00
444728.0,1213.0,2020-09-07 16:11:00
446372.0,1644.0,2020-09-07 18:02:00
448062.0,1690.0,2020-09-07 18:14:00
449925.0,1863.0,2020-09-07 18:53:00
451921.0,1996.0,2020-09-07 19:38:00
454011.0,2090.0,2020-09-07 20:30:00
456128.0,2117.0,2020-09-07 20:42:00
458302.0,2174.0,2020-09-07 21:39:00
458873.0,571.0,2020-09-08 09:46:00
459800.0,927.0,2020-09-08 13:27:00
460732.0,932.0,2020-09-08 13:31:00
462429.0,1697.0,2020-09-08 18:20:00
464223.0,1794.0,2020-09-08 18:46:00
466121.0,1898.0,2020-09-08 19:09:00
468121.0,2000.0,2020-09-08 19:42:00
470302.0,2181.0,2020-09-08 21:16:00
470671.0,369.0,2020-09-09 09:19:00
471140.0,469.0,2020-09-09 10:36:00
471982.0,842.0,2020-09-09 15:01:00
473602.0,1620.0,2020-09-09 20:00:00
475359.0,1757.0,2020-09-09 21:56:00
476164.0,805.0,2020-09-10 11:52:00
478055.0,1891.0,2020-09-10 19:24:00
480055.0,2000.0,2020-09-10 20:20:00
482175.0,2120.0,2020-09-10 22:50:00
482574.0,399.0,2020-09-11 08:45:00
483071.0,497.0,2020-09-11 09:19:00
484911.0,1840.0,2020-09-11 19:49:00
486759.0,1848.0,2020-09-11 19:52:00
488828.0,2069.0,2020-09-11 23:10:00
488851.0,23.0,2020-09-12 00:23:00
489036.0,185.0,2020-09-12 09:08:00
489597.0,561.0,2020-09-12 13:50:00
490834.0,1237.0,2020-09-12 23:24:00
490941.0,107.0,2020-09-13 07:15:00
491575.0,634.0,2020-09-13 18:55:00
492349.0,774.0,2020-09-13 20:49:00
492711.0,362.0,2020-09-14 08:39:00
493386.0,675.0,2020-09-14 10:35:00
494678.0,1292.0,2020-09-14 16:40:00
496545.0,1867.0,2020-09-14 18:49:00
498676.0,2131.0,2020-09-14 20:13:00
499342.0,666.0,2020-09-15 09:48:00
500478.0,1136.0,2020-09-15 13:40:00
502492.0,2014.0,2020-09-15 18:31:00
504606.0,2114.0,2020-09-15 18:53:00
506991.0,2385.0,2020-09-15 20:16:00
509452.0,2461.0,2020-09-15 20:47:00
512056.0,2604.0,2020-09-15 23:04:00
514661.0,2605.0,2020-09-15 23:08:00
514676.0,15.0,2020-09-16 00:30:00
515262.0,586.0,2020-09-16 09:34:00
516356.0,1094.0,2020-09-16 13:10:00
517763.0,1407.0,2020-09-16 15:27:00
519276.0,1513.0,2020-09-16 16:20:00
521216.0,1940.0,2020-09-16 18:18:00
523380.0,2164.0,2020-09-16 19:04:00
525602.0,2222.0,2020-09-16 19:21:00
527920.0,2318.0,2020-09-16 20:08:00
530383.0,2463.0,2020-09-16 21:55:00
530907.0,524.0,2020-09-17 09:00:00
531700.0,793.0,2020-09-17 11:12:00
533527.0,1827.0,2020-09-17 17:56:00
535537.0,2010.0,2020-09-17 18:35:00
537587.0,2050.0,2020-09-17 18:42:00
540043.0,2456.0,2020-09-17 21:38:00
540370.0,327.0,2020-09-18 08:23:00
540730.0,360.0,2020-09-18 08:30:00
541234.0,504.0,2020-09-18 08:54:00
541985.0,751.0,2020-09-18 10:56:00
542920.0,935.0,2020-09-18 11:11:00
543999.0,1079.0,2020-09-18 12:23:00
545291.0,1292.0,2020-09-18 14:02:00
547413.0,2122.0,2020-09-18 18:54:00
547713.0,300.0,2020-09-19 12:19:00
548162.0,449.0,2020-09-19 15:14:00
548644.0,482.0,2020-09-19 15:47:00
548652.0,8.0,2020-09-20 00:54:00
548684.0,32.0,2020-09-20 07:56:00
548717.0,33.0,2020-09-20 08:03:00
548805.0,88.0,2020-09-20 09:52:00
549689.0,884.0,2020-09-20 20:00:00
550687.0,998.0,2020-09-20 22:00:00
552029.0,1342.0,2020-09-21 16:39:00
554080.0,2051.0,2020-09-21 19:38:00
556335.0,2255.0,2020-09-21 20:59:00
558717.0,2382.0,2020-09-21 23:09:00
558982.0,265.0,2020-09-22 08:23:00
559386.0,404.0,2020-09-22 08:45:00
561482.0,2096.0,2020-09-22 22:23:00
562037.0,555.0,2020-09-23 09:41:00
563397.0,1360.0,2020-09-23 15:45:00
565148.0,1751.0,2020-09-23 17:49:00
565467.0,319.0,2020-09-24 08:22:00
567858.0,2391.0,2020-09-24 23:13:00
569454.0,1596.0,2020-09-25 17:58:00
571087.0,1633.0,2020-09-25 18:12:00
572825.0,1738.0,2020-09-25 18:42:00
573035.0,210.0,2020-09-26 10:32:00
573266.0,231.0,2020-09-26 10:48:00
573688.0,422.0,2020-09-26 13:12:00
573761.0,73.0,2020-09-27 07:00:00
574018.0,257.0,2020-09-27 12:42:00
574276.0,258.0,2020-09-27 12:44:00
574811.0,535.0,2020-09-27 19:22:00
575341.0,530.0,2020-09-28 10:19:00
576269.0,928.0,2020-09-28 14:32:00
577305.0,1036.0,2020-09-28 15:58:00
578466.0,1161.0,2020-09-28 16:46:00
579747.0,1281.0,2020-09-28 17:25:00
579750.0,3.0,2020-09-29 00:16:00
579781.0,31.0,2020-09-29 06:57:00
579883.0,102.0,2020-09-29 07:46:00
580368.0,485.0,2020-09-29 09:08:00
581291.0,923.0,2020-09-29 13:07:00
583042.0,1751.0,2020-09-29 18:23:00
584975.0,1933.0,2020-09-29 18:46:00
587289.0,2314.0,2020-09-29 21:00:00
587422.0,133.0,2020-09-30 07:51:00
588076.0,654.0,2020-09-30 10:42:00
588984.0,908.0,2020-09-30 12:46:00
590294.0,1310.0,2020-09-30 15:35:00
591951.0,1657.0,2020-09-30 17:25:00
594040.0,2089.0,2020-09-30 18:57:00
594629.0,589.0,2020-10-01 09:52:00
595372.0,743.0,2020-10-01 11:32:00
596547.0,1175.0,2020-10-01 15:45:00
598499.0,1952.0,2020-10-01 19:31:00
600658.0,2159.0,2020-10-01 22:03:00
602891.0,2233.0,2020-10-01 23:04:00
603230.0,339.0,2020-10-02 08:52:00
603730.0,500.0,2020-10-02 10:16:00
605026.0,1296.0,2020-10-02 19:00:00
606379.0,1353.0,2020-10-02 19:49:00
606431.0,52.0,2020-10-03 08:46:00
606558.0,127.0,2020-10-03 10:24:00
607133.0,575.0,2020-10-03 16:35:00
607214.0,81.0,2020-10-04 07:21:00
607587.0,373.0,2020-10-04 14:15:00
608077.0,490.0,2020-10-04 16:42:00
608601.0,524.0,2020-10-04 17:15:00
609153.0,552.0,2020-10-05 09:32:00
610258.0,1105.0,2020-10-05 15:08:00
611527.0,1269.0,2020-10-05 16:42:00
613081.0,1554.0,2020-10-05 17:58:00
615100.0,2019.0,2020-10-05 20:15:00
617170.0,2070.0,2020-10-05 20:45:00
619253.0,2083.0,2020-10-06 20:20:00
619726.0,473.0,2020-10-07 09:31:00
620984.0,1258.0,2020-10-07 15:37:00
623108.0,2124.0,2020-10-07 19:35:00
625340.0,2232.0,2020-10-07 20:08:00
626459.0,1119.0,2020-10-08 15:16:00
628346.0,1887.0,2020-10-08 19:00:00
630512.0,2166.0,2020-10-08 20:36:00
630863.0,351.0,2020-10-09 08:39:00
631427.0,564.0,2020-10-09 09:40:00
632658.0,1231.0,2020-10-09 15:45:00
634451.0,1793.0,2020-10-09 18:30:00
634811.0,360.0,2020-10-10 11:40:00
635564.0,753.0,2020-10-10 16:00:00
636119.0,555.0,2020-10-11 16:47:00
636679.0,560.0,2020-10-11 16:50:00
638284.0,1605.0,2020-10-12 18:10:00
640330.0,2046.0,2020-10-12 20:46:00
641323.0,993.0,2020-10-13 13:36:00
642808.0,1485.0,2020-10-13 17:23:00
644882.0,2074.0,2020-10-13 20:15:00
647025.0,2143.0,2020-10-13 21:09:00
647495.0,470.0,2020-10-14 09:35:00
649015.0,1520.0,2020-10-14 17:18:00
650205.0,1190.0,2020-10-15 16:02:00
652089.0,1884.0,2020-10-15 19:26:00
654149.0,2060.0,2020-10-15 20:51:00
656252.0,2103.0,2020-10-15 21:53:00
656528.0,276.0,2020-10-16 08:36:00
657448.0,920.0,2020-10-16 14:02:00
659088.0,1640.0,2020-10-16 18:54:00
660792.0,1704.0,2020-10-16 19:18:00
662730.0,1938.0,2020-10-16 21:35:00
662770.0,40.0,2020-10-17 06:12:00
663831.0,1061.0,2020-10-17 20:13:00
664208.0,377.0,2020-10-18 14:47:00
664669.0,461.0,2020-10-18 15:41:00
665210.0,541.0,2020-10-18 16:41:00
665834.0,624.0,2020-10-18 17:34:00
667190.0,1356.0,2020-10-19 18:26:00
667690.0,500.0,2020-10-20 11:48:00
668267.0,577.0,2020-10-20 12:35:00
669240.0,973.0,2020-10-20 16:56:00
670422.0,1182.0,2020-10-20 18:05:00
670453.0,31.0,2020-10-21 07:26:00
671153.0,700.0,2020-10-21 14:18:00
672488.0,1335.0,2020-10-21 19:30:00
673313.0,825.0,2020-10-22 18:36:00
674353.0,1040.0,2020-10-22 20:51:00
675602.0,1249.0,2020-10-23 19:36:00
675608.0,6.0,2020-10-24 06:07:00
675945.0,337.0,2020-10-24 13:28:00
675982.0,37.0,2020-10-25 08:58:00
676839.0,857.0,2020-10-26 17:37:00
677863.0,1024.0,2020-10-26 18:34:00
679002.0,1139.0,2020-10-26 19:46:00
679211.0,209.0,2020-10-27 08:56:00
680412.0,1201.0,2020-10-27 19:05:00
681656.0,1244.0,2020-10-27 19:27:00
681669.0,13.0,2020-10-28 06:24:00
681745.0,76.0,2020-10-28 08:00:00
681983.0,238.0,2020-10-28 09:03:00
683153.0,1170.0,2020-10-29 18:05:00
683478.0,325.0,2020-10-30 12:49:00
683600.0,122.0,2020-10-31 11:28:00
683822.0,222.0,2020-10-31 13:28:00
684284.0,462.0,2020-10-31 19:33:00
684639.0,355.0,2020-11-01 17:54:00
685007.0,368.0,2020-11-01 18:07:00
685017.0,10.0,2020-11-02 06:32:00
685425.0,408.0,2020-11-02 11:36:00
686057.0,632.0,2020-11-02 15:57:00
686974.0,917.0,2020-11-02 18:16:00
688015.0,1041.0,2020-11-02 19:23:00
688979.0,964.0,2020-11-03 18:19:00
690070.0,1091.0,2020-11-03 19:42:00
690077.0,7.0,2020-11-04 06:17:00
690467.0,390.0,2020-11-04 11:31:00
690938.0,471.0,2020-11-04 12:27:00
691593.0,655.0,2020-11-04 15:20:00
692472.0,879.0,2020-11-05 17:37:00
692629.0,157.0,2020-11-06 08:27:00
692858.0,229.0,2020-11-06 08:54:00
693313.0,455.0,2020-11-07 19:41:00
693668.0,355.0,2020-11-08 18:26:00
694501.0,833.0,2020-11-09 18:20:00
694507.0,6.0,2020-11-10 06:28:00
694913.0,406.0,2020-11-10 11:40:00
695481.0,568.0,2020-11-10 13:34:00
695562.0,81.0,2020-11-11 10:27:00
696284.0,722.0,2020-11-12 16:06:00
696704.0,420.0,2020-11-13 11:37:00
697166.0,462.0,2020-11-13 12:07:00
697810.0,644.0,2020-11-14 22:22:00
697928.0,118.0,2020-11-15 14:21:00
698652.0,724.0,2020-11-16 16:39:00
699453.0,801.0,2020-11-16 17:15:00
700733.0,1280.0,2020-11-17 20:59:00
701285.0,552.0,2020-11-18 13:10:00
701944.0,659.0,2020-11-19 15:21:00
703101.0,1157.0,2020-11-19 19:40:00
704004.0,903.0,2020-11-20 17:57:00
704616.0,612.0,2020-11-21 17:56:00
705084.0,468.0,2020-11-22 18:25:00
705561.0,477.0,2020-11-22 18:38:00
705565.0,4.0,2020-11-23 06:27:00
705936.0,371.0,2020-11-23 11:39:00
706547.0,611.0,2020-11-23 15:42:00
707457.0,910.0,2020-11-23 18:17:00
708504.0,1047.0,2020-11-23 19:46:00
709704.0,1200.0,2020-11-24 19:39:00
710313.0,609.0,2020-11-25 16:38:00
711143.0,830.0,2020-11-25 19:01:00
712034.0,891.0,2020-11-25 19:47:00
712857.0,823.0,2020-11-26 18:20:00
713582.0,725.0,2020-11-27 16:56:00
714544.0,962.0,2020-11-27 19:02:00
714546.0,2.0,2020-11-28 00:28:00
714608.0,62.0,2020-11-28 09:15:00
714821.0,213.0,2020-11-28 10:22:00
715083.0,262.0,2020-11-28 10:36:00
715392.0,309.0,2020-11-28 10:58:00
715719.0,327.0,2020-11-28 11:04:00
715736.0,17.0,2020-11-29 06:30:00
716406.0,670.0,2020-11-29 17:06:00
717189.0,783.0,2020-11-30 16:39:00
718277.0,1088.0,2020-11-30 18:45:00
718835.0,558.0,2020-12-01 14:03:00
718915.0,80.0,2020-12-02 07:58:00
719056.0,141.0,2020-12-02 08:27:00
719204.0,148.0,2020-12-02 08:30:00
719373.0,169.0,2020-12-02 08:40:00
720032.0,659.0,2020-12-02 14:11:00
720297.0,265.0,2020-12-03 09:04:00
720631.0,334.0,2020-12-03 09:40:00
721152.0,521.0,2020-12-03 12:45:00
721685.0,533.0,2020-12-03 13:00:00
722252.0,567.0,2020-12-03 13:25:00
722865.0,613.0,2020-12-03 14:01:00
723396.0,531.0,2020-12-04 13:58:00
723450.0,54.0,2020-12-05 09:21:00
724383.0,933.0,2020-12-05 21:04:00
724416.0,33.0,2020-12-06 06:47:00
724640.0,224.0,2020-12-06 12:24:00
725022.0,382.0,2020-12-06 15:21:00
725548.0,526.0,2020-12-07 13:30:00
726244.0,696.0,2020-12-07 16:38:00
726428.0,184.0,2020-12-08 08:42:00
726459.0,31.0,2020-12-09 07:20:00
726799.0,340.0,2020-12-09 10:20:00
727484.0,685.0,2020-12-09 14:51:00
728603.0,1119.0,2020-12-09 19:21:00
729405.0,802.0,2020-12-10 20:28:00
729631.0,226.0,2020-12-11 12:03:00
729929.0,298.0,2020-12-12 13:18:00
730460.0,531.0,2020-12-12 17:04:00
731060.0,600.0,2020-12-12 18:00:00
731100.0,40.0,2020-12-13 06:50:00
731202.0,102.0,2020-12-13 10:50:00
731316.0,114.0,2020-12-13 11:00:00
731701.0,385.0,2020-12-13 15:22:00
732268.0,567.0,2020-12-13 17:38:00
732388.0,120.0,2020-12-14 08:25:00
732488.0,100.0,2020-12-15 08:28:00
732710.0,222.0,2020-12-16 10:13:00
733020.0,310.0,2020-12-16 11:44:00
733344.0,324.0,2020-12-16 11:58:00
733689.0,345.0,2020-12-16 12:12:00
734160.0,471.0,2020-12-16 13:49:00
734662.0,502.0,2020-12-16 14:14:00
735179.0,517.0,2020-12-16 14:26:00
735797.0,618.0,2020-12-16 15:46:00
736607.0,810.0,2020-12-16 17:38:00
737655.0,1048.0,2020-12-16 19:45:00
737734.0,79.0,2020-12-17 08:27:00
737870.0,136.0,2020-12-17 09:14:00
738223.0,353.0,2020-12-17 14:01:00
738980.0,757.0,2020-12-17 19:29:00
739122.0,142.0,2020-12-18 09:41:00
739286.0,164.0,2020-12-18 10:26:00
739740.0,454.0,2020-12-18 15:43:00
740294.0,554.0,2020-12-18 16:42:00
741210.0,916.0,2020-12-18 20:26:00
741348.0,138.0,2020-12-19 11:15:00
741579.0,231.0,2020-12-19 13:06:00
742035.0,456.0,2020-12-19 16:12:00
742050.0,15.0,2020-12-20 06:30:00
742075.0,25.0,2020-12-20 08:41:00
742697.0,622.0,2020-12-21 17:32:00
743361.0,664.0,2020-12-21 17:57:00
744137.0,776.0,2020-12-21 19:11:00
744309.0,172.0,2020-12-22 10:43:00
744540.0,231.0,2020-12-22 11:51:00
744808.0,268.0,2020-12-22 12:34:00
745304.0,496.0,2020-12-23 18:09:00
745366.0,62.0,2020-12-24 08:49:00
745520.0,154.0,2020-12-24 10:38:00
745731.0,211.0,2020-12-24 11:59:00
745851.0,120.0,2020-12-25 16:21:00
745993.0,142.0,2020-12-25 17:01:00
746247.0,254.0,2020-12-26 15:59:00
746252.0,5.0,2020-12-27 07:19:00
746267.0,15.0,2020-12-27 08:39:00
746401.0,134.0,2020-12-27 13:44:00
746655.0,254.0,2020-12-28 14:27:00
746992.0,337.0,2020-12-28 16:36:00
747305.0,313.0,2020-12-29 15:04:00
747724.0,419.0,2020-12-29 16:48:00
748347.0,623.0,2020-12-30 21:22:00
748404.0,57.0,2020-12-31 08:48:00
748827.0,423.0,2020-12-31 17:01:00
748876.0,49.0,2021-01-01 11:00:00
748961.0,85.0,2021-01-01 12:26:00
749217.0,256.0,2021-01-01 16:43:00
749218.0,1.0,2021-01-02 06:01:00
749540.0,322.0,2021-01-02 19:25:00
749550.0,10.0,2021-01-03 06:46:00
749583.0,33.0,2021-01-03 09:48:00
750083.0,500.0,2021-01-04 13:57:00
750749.0,666.0,2021-01-04 16:39:00
750881.0,132.0,2021-01-05 08:26:00
751403.0,522.0,2021-01-05 14:04:00
751682.0,279.0,2021-01-06 09:45:00
752158.0,476.0,2021-01-06 12:26:00
753077.0,919.0,2021-01-06 17:34:00
753361.0,284.0,2021-01-07 09:52:00
753841.0,480.0,2021-01-07 13:27:00
754960.0,1119.0,2021-01-07 20:51:00
755098.0,138.0,2021-01-08 08:32:00
755397.0,299.0,2021-01-08 10:12:00
755917.0,520.0,2021-01-08 13:56:00
756622.0,705.0,2021-01-08 16:39:00
756720.0,98.0,2021-01-09 10:32:00
756858.0,138.0,2021-01-09 11:04:00
757136.0,278.0,2021-01-09 13:20:00
757464.0,328.0,2021-01-09 14:15:00
758047.0,583.0,2021-01-09 19:08:00
758052.0,5.0,2021-01-10 07:14:00
758062.0,10.0,2021-01-10 08:12:00
758237.0,175.0,2021-01-10 13:22:00
758715.0,478.0,2021-01-11 13:26:00
759277.0,562.0,2021-01-11 14:37:00
759985.0,708.0,2021-01-11 16:39:00
760122.0,137.0,2021-01-12 08:28:00
760774.0,652.0,2021-01-12 16:04:00
761496.0,722.0,2021-01-12 16:39:00
761502.0,6.0,2021-01-13 06:17:00
761789.0,287.0,2021-01-13 09:50:00
762101.0,312.0,2021-01-13 09:59:00
762481.0,380.0,2021-01-13 10:56:00
763154.0,673.0,2021-01-13 14:22:00
764194.0,1040.0,2021-01-13 18:07:00
765329.0,1135.0,2021-01-13 18:43:00
765476.0,147.0,2021-01-14 08:26:00
765781.0,305.0,2021-01-14 09:22:00
766716.0,935.0,2021-01-14 17:37:00
767696.0,980.0,2021-01-14 18:00:00
768745.0,1049.0,2021-01-14 18:24:00
768894.0,149.0,2021-01-15 08:30:00
768964.0,70.0,2021-01-16 09:48:00
769067.0,103.0,2021-01-16 10:32:00
769453.0,386.0,2021-01-16 14:38:00
769918.0,465.0,2021-01-16 15:30:00
769933.0,15.0,2021-01-17 07:01:00
769983.0,50.0,2021-01-17 09:35:00
770401.0,418.0,2021-01-17 16:10:00
770589.0,188.0,2021-01-18 08:29:00
770974.0,385.0,2021-01-18 10:17:00
771774.0,800.0,2021-01-18 16:15:00
772619.0,845.0,2021-01-18 16:39:00
773725.0,1106.0,2021-01-18 18:00:00
774342.0,617.0,2021-01-19 13:30:00
775015.0,673.0,2021-01-19 14:00:00
775911.0,896.0,2021-01-19 16:43:00
777060.0,1149.0,2021-01-19 17:54:00
777360.0,300.0,2021-01-20 09:42:00
777850.0,490.0,2021-01-20 12:14:00
778473.0,623.0,2021-01-20 13:56:00
779124.0,651.0,2021-01-20 14:18:00
779816.0,692.0,2021-01-20 14:57:00
780544.0,728.0,2021-01-20 15:25:00
780730.0,186.0,2021-01-21 08:32:00
781830.0,1100.0,2021-01-21 17:45:00
783012.0,1182.0,2021-01-21 18:04:00
783194.0,182.0,2021-01-22 08:37:00
783811.0,617.0,2021-01-23 16:25:00
784511.0,700.0,2021-01-23 17:20:00
785306.0,795.0,2021-01-23 18:26:00
785312.0,6.0,2021-01-24 07:38:00
785378.0,66.0,2021-01-24 10:38:00
785512.0,134.0,2021-01-24 11:53:00
785674.0,162.0,2021-01-24 12:18:00
785863.0,189.0,2021-01-25 08:32:00
786748.0,885.0,2021-01-25 17:02:00
787788.0,1040.0,2021-01-25 17:52:00
787970.0,182.0,2021-01-26 08:30:00
788462.0,492.0,2021-01-26 11:57:00
789141.0,679.0,2021-01-26 14:00:00
790520.0,1379.0,2021-01-26 19:54:00
790849.0,329.0,2021-01-27 09:47:00
791402.0,553.0,2021-01-27 12:16:00
792119.0,717.0,2021-01-27 13:47:00
792881.0,762.0,2021-01-27 14:18:00
793730.0,849.0,2021-01-27 15:15:00
793829.0,99.0,2021-01-28 08:08:00
794007.0,178.0,2021-01-28 08:32:00
794339.0,332.0,2021-01-28 09:31:00
794374.0,35.0,2021-01-29 07:35:00
794813.0,439.0,2021-01-29 11:43:00
795471.0,658.0,2021-01-29 14:00:00
795578.0,107.0,2021-01-30 10:13:00
795733.0,155.0,2021-01-30 10:53:00
795893.0,160.0,2021-01-30 10:57:00
796226.0,333.0,2021-01-30 13:59:00
796496.0,270.0,2021-01-31 13:30:00
796974.0,478.0,2021-01-31 16:29:00
797455.0,481.0,2021-02-01 12:14:00
798081.0,626.0,2021-02-01 14:01:00
799047.0,966.0,2021-02-02 16:27:00
800047.0,1000.0,2021-02-02 16:41:00
801268.0,1221.0,2021-02-02 17:50:00
802592.0,1324.0,2021-02-02 18:24:00
802937.0,345.0,2021-02-03 09:43:00
803324.0,387.0,2021-02-03 10:05:00
803899.0,575.0,2021-02-03 12:22:00
804641.0,742.0,2021-02-03 13:50:00
805551.0,910.0,2021-02-03 15:35:00
805734.0,183.0,2021-02-04 08:29:00
806294.0,560.0,2021-02-04 12:13:00
806997.0,703.0,2021-02-04 13:36:00
807148.0,151.0,2021-02-05 08:29:00
807806.0,658.0,2021-02-05 13:55:00
807884.0,78.0,2021-02-06 09:44:00
808005.0,121.0,2021-02-06 10:29:00
808139.0,134.0,2021-02-06 10:40:00
808295.0,156.0,2021-02-06 10:49:00
808520.0,225.0,2021-02-06 11:55:00
809049.0,529.0,2021-02-06 15:51:00
809603.0,554.0,2021-02-06 16:21:00
810109.0,506.0,2021-02-07 17:29:00
810279.0,170.0,2021-02-08 08:30:00
810734.0,455.0,2021-02-08 11:44:00
811541.0,807.0,2021-02-08 16:21:00
812478.0,937.0,2021-02-09 16:26:00
813451.0,973.0,2021-02-09 16:44:00
814584.0,1133.0,2021-02-09 17:28:00
816093.0,1509.0,2021-02-09 21:14:00
816550.0,457.0,2021-02-10 10:49:00
817850.0,1300.0,2021-02-10 18:06:00
819368.0,1518.0,2021-02-11 19:37:00
819508.0,140.0,2021-02-12 08:28:00
820149.0,641.0,2021-02-12 13:58:00
821263.0,1114.0,2021-02-12 20:02:00
821380.0,117.0,2021-02-13 10:23:00
821564.0,184.0,2021-02-13 11:13:00
821984.0,420.0,2021-02-13 14:08:00
822534.0,550.0,2021-02-13 15:40:00
823150.0,616.0,2021-02-13 16:28:00
823857.0,707.0,2021-02-13 17:37:00
824596.0,739.0,2021-02-13 17:51:00
824679.0,83.0,2021-02-14 10:32:00
824924.0,245.0,2021-02-14 15:00:00
825172.0,248.0,2021-02-14 15:05:00
825441.0,269.0,2021-02-14 15:20:00
825957.0,516.0,2021-02-15 14:12:00
826874.0,917.0,2021-02-15 19:31:00
826941.0,67.0,2021-02-16 08:16:00
827472.0,531.0,2021-02-16 17:00:00
828008.0,536.0,2021-02-16 17:05:00
828777.0,769.0,2021-02-16 19:52:00
829658.0,881.0,2021-02-17 16:15:00
830978.0,1320.0,2021-02-17 20:23:00
831548.0,570.0,2021-02-18 17:58:00
831616.0,68.0,2021-02-19 07:57:00
831774.0,158.0,2021-02-19 08:50:00
831960.0,186.0,2021-02-19 09:00:00
832834.0,874.0,2021-02-19 17:50:00
832933.0,99.0,2021-02-20 10:26:00
833409.0,476.0,2021-02-20 17:11:00
833909.0,500.0,2021-02-20 17:33:00
833980.0,71.0,2021-02-21 10:40:00
834120.0,140.0,2021-02-21 12:02:00
834375.0,255.0,2021-02-21 14:31:00
834797.0,422.0,2021-02-22 17:25:00
835539.0,742.0,2021-02-23 17:33:00
836675.0,1136.0,2021-02-24 19:23:00
837848.0,1173.0,2021-02-24 19:54:00
838284.0,436.0,2021-02-25 12:19:00
839305.0,1021.0,2021-02-25 17:50:00
840097.0,792.0,2021-02-26 16:11:00
841107.0,1010.0,2021-02-26 17:43:00
842170.0,1063.0,2021-02-26 18:06:00
842185.0,15.0,2021-02-27 06:23:00
842308.0,123.0,2021-02-27 10:12:00
842441.0,133.0,2021-02-27 10:26:00
842615.0,174.0,2021-02-27 10:57:00
842790.0,175.0,2021-02-27 10:59:00
843246.0,456.0,2021-02-27 14:00:00
843676.0,430.0,2021-02-28 16:30:00
844217.0,541.0,2021-02-28 17:45:00
844995.0,778.0,2021-03-01 14:12:00
845925.0,930.0,2021-03-01 15:51:00
847351.0,1426.0,2021-03-01 18:21:00
848393.0,1042.0,2021-03-02 16:24:00
849481.0,1088.0,2021-03-02 16:43:00
851031.0,1550.0,2021-03-02 19:13:00
852716.0,1685.0,2021-03-02 22:40:00
853248.0,532.0,2021-03-03 11:07:00
853898.0,650.0,2021-03-03 12:14:00
854723.0,825.0,2021-03-03 13:49:00
855723.0,1000.0,2021-03-03 15:45:00
857292.0,1569.0,2021-03-03 19:57:00
857479.0,187.0,2021-03-04 08:25:00
858161.0,682.0,2021-03-04 13:03:00
859671.0,1510.0,2021-03-04 20:21:00
860174.0,503.0,2021-03-05 10:47:00
861174.0,1000.0,2021-03-05 15:39:00
862235.0,1061.0,2021-03-05 16:06:00
863497.0,1262.0,2021-03-05 17:11:00
864825.0,1328.0,2021-03-05 17:29:00
866216.0,1391.0,2021-03-05 17:46:00
867672.0,1456.0,2021-03-05 18:05:00
869272.0,1600.0,2021-03-05 19:08:00
870943.0,1671.0,2021-03-05 20:26:00
872687.0,1744.0,2021-03-05 23:16:00
872768.0,81.0,2021-03-06 09:16:00
872864.0,96.0,2021-03-06 09:24:00
872998.0,134.0,2021-03-06 10:01:00
873561.0,563.0,2021-03-06 14:25:00
874508.0,947.0,2021-03-06 18:08:00
874741.0,233.0,2021-03-07 12:20:00
875065.0,324.0,2021-03-07 12:58:00
875471.0,406.0,2021-03-07 14:45:00
876087.0,616.0,2021-03-07 18:15:00
876501.0,414.0,2021-03-08 10:19:00
877744.0,1243.0,2021-03-08 18:17:00
878125.0,381.0,2021-03-09 09:23:00
878883.0,758.0,2021-03-09 13:39:00
879898.0,1015.0,2021-03-09 16:30:00
881348.0,1450.0,2021-03-09 18:20:00
882973.0,1625.0,2021-03-09 20:00:00
882994.0,21.0,2021-03-10 06:59:00
883316.0,322.0,2021-03-10 09:01:00
885056.0,1740.0,2021-03-10 20:08:00
886326.0,1270.0,2021-03-11 17:35:00
887610.0,1284.0,2021-03-11 17:40:00
888956.0,1346.0,2021-03-11 17:53:00
890357.0,1401.0,2021-03-11 18:05:00
891774.0,1417.0,2021-03-11 18:10:00
893298.0,1524.0,2021-03-11 18:50:00
893473.0,175.0,2021-03-12 08:27:00
894116.0,643.0,2021-03-12 12:46:00
894880.0,764.0,2021-03-12 14:01:00
895668.0,788.0,2021-03-12 14:13:00
896650.0,982.0,2021-03-12 16:16:00
897768.0,1118.0,2021-03-12 17:05:00
898919.0,1151.0,2021-03-12 17:14:00
900153.0,1234.0,2021-03-12 17:33:00
901536.0,1383.0,2021-03-12 18:12:00
903036.0,1500.0,2021-03-12 19:00:00
903197.0,161.0,2021-03-13 09:59:00
903384.0,187.0,2021-03-13 10:28:00
903588.0,204.0,2021-03-13 10:38:00
904407.0,819.0,2021-03-13 17:40:00
905276.0,869.0,2021-03-13 17:58:00
905628.0,352.0,2021-03-14 14:20:00
906675.0,1047.0,2021-03-15 17:33:00
907841.0,1166.0,2021-03-15 18:04:00
908551.0,710.0,2021-03-16 12:27:00
909420.0,869.0,2021-03-16 14:02:00
910300.0,880.0,2021-03-16 14:10:00
911188.0,888.0,2021-03-16 14:13:00
912639.0,1451.0,2021-03-16 17:58:00
914186.0,1547.0,2021-03-16 18:28:00
914653.0,467.0,2021-03-17 09:50:00
915593.0,940.0,2021-03-17 14:00:00
916605.0,1012.0,2021-03-17 14:40:00
918156.0,1551.0,2021-03-17 18:22:00
919911.0,1755.0,2021-03-17 20:37:00
920465.0,554.0,2021-03-18 11:14:00
921082.0,617.0,2021-03-18 12:03:00
921771.0,689.0,2021-03-18 12:40:00
922582.0,811.0,2021-03-18 13:50:00
923972.0,1390.0,2021-03-18 18:05:00
925551.0,1579.0,2021-03-18 20:04:00
925768.0,217.0,2021-03-19 08:26:00
925878.0,110.0,2021-03-20 09:48:00
926054.0,176.0,2021-03-20 10:44:00
926900.0,846.0,2021-03-21 23:39:00
927942.0,1042.0,2021-03-22 16:45:00
929164.0,1222.0,2021-03-22 17:44:00
930700.0,1536.0,2021-03-22 19:38:00
930971.0,271.0,2021-03-23 08:29:00
932458.0,1487.0,2021-03-23 18:28:00
934094.0,1636.0,2021-03-23 19:07:00
934108.0,14.0,2021-03-24 06:29:00
934137.0,29.0,2021-03-24 07:19:00
934199.0,62.0,2021-03-24 07:40:00
934298.0,99.0,2021-03-24 07:50:00
934425.0,127.0,2021-03-24 08:00:00
934880.0,455.0,2021-03-24 09:51:00
935377.0,497.0,2021-03-24 10:08:00
935980.0,603.0,2021-03-24 11:18:00
936982.0,1002.0,2021-03-24 14:46:00
938592.0,1610.0,2021-03-24 18:31:00
940295.0,1703.0,2021-03-24 19:05:00
940526.0,231.0,2021-03-25 08:28:00
940844.0,318.0,2021-03-25 08:50:00
941447.0,603.0,2021-03-25 11:43:00
942076.0,629.0,2021-03-25 11:53:00
942726.0,650.0,2021-03-25 12:03:00
943402.0,676.0,2021-03-25 12:10:00
944297.0,895.0,2021-03-25 14:00:00
945720.0,1423.0,2021-03-25 17:34:00
947460.0,1740.0,2021-03-25 19:00:00
949323.0,1863.0,2021-03-25 20:06:00
951223.0,1900.0,2021-03-25 20:37:00
951413.0,190.0,2021-03-26 08:28:00
951757.0,344.0,2021-03-26 09:20:00
